ranking,name,link,imgURL,ingredients,recipe,serving,time,difficulty
1,닭볶음탕 닭도리탕 황금레시피 짱짱맛 칼칼함이 남달라,https://www.10000recipe.com/recipe/6883937,https://recipe1.ezmember.co.kr/cache/recipe/2018/02/13/e0649f3f0b446f39c9a7bdff70d953691_m.jpg,"닭 1마리, 당근 1/3개, 양파 1/2개, 감자 3개, 대파 초록색 부분 4개 (20센티), 청양고추 4개, 고추장 2큰술, 고추가루 7큰술, 설탕 2큰술, 국간장 5큰술, 마늘 1큰술 (듬뿍), 물 1소주잔","1. 블로그에서 핫한 반응을 일으켰던 닭볶음탕이니 믿고 따라해주세요!
2. 양파는 반을 자른 후 사각으로 썰어주세요
3. 고추장2큰술 고추가루7큰술 설탕2큰술 국간장5큰술 마늘1큰술 넣고 소주잔으로 물1컵 넣고 섞어 주세요
4. 닭은 끓는 물에 살짝 데쳐냅니다 끓기 시작하면 5분 정도 데친 후
5. 물을 버리고 찬물로 불순물을 씻어주세요
6. 데친 닭을 깊은 팬에 넣고 소주 1컵을 부어줍니다 닭 잡내를 잡아줍니다
7. 당근 감자를 넣어주고 중간에 양념장을 올린 후 물 800ml 넣어주세요 계랑컵이 없으면 재료 끄트머리 2/3 정도만 넣어주세요
8. 강불에서 팔팔 끓어오르면 양념장을 섞고 강불과 중불 사이에서 익히세요
9. 국물이 반으로 졸았을 때 감자와 닭이 익었는지 젓가락으로 찔러 확인하세요
10. 국물이 요 정도 있는 상태에서 대파 고추 양파를 넣습니다 국물 없게 조리는 건 비추구요 국물이 있게 졸여주세요
11. 대파 청양 고추 양파를 넣은 후 휘리릭 섞고 1분 후 불을 끕니다
12. 국물은 요 정도로 졸이면 돼요 아주 칼칼하기 때문에 국물이 있어야 밥도 비벼 먹고 맛있답니다
13. 국물을 매콤 칼칼하게 먹을 수 있어서 맛집 식당에서 맛보는듯한 닭볶음탕 레시피 완성! 양념장이 황금 비율이랍니다  비율은 모두 지켜주세요 여러번 해보고 터득한 황금비율이에요^^
14. 국물을 많이 있게 졸이면 매콤한 국물닭도리탕 백숙처럼 부드러운 닭고기에 국물을 얹어먹을 수 있는 스타일 (국물이 매콤 칼칼) 취향에 따라 졸여주세요",3인분,60분 이내,중급
2,"오징어 볶음, 향과 맛이 일품! 백종원 오징어 볶음",https://www.10000recipe.com/recipe/6903507,https://recipe1.ezmember.co.kr/cache/recipe/2019/01/04/518d5bf35102aa51bf58078f7a25dc751_m.jpg,"오징어 2마리 (큰사이즈), 양배추 1/4통, 당근 1/2개, 양파 1개, 풋고추 2개, 파 2뿌리, 식용유 3큰술, 설탕 1큰술, 마늘 1큰술, 고추장 1큰술, 간장 5큰술, 고춧가루 3큰술, 물 1/2컵, 참기름 1큰술, 통깨 적당량","1. 양배추, 당근, 양파, 파(준비량의 반)는 길쭉하고 굵게, 고추도 어슷큼직하게 썹니다. 오징어도 깨끗하게 손질해서 먹기좋은 크기로 썹니다. ?
2. 팬에 식용유 3큰술과 송송썬 파를 넣은 후 불을 올려 볶아요. 파기름이 충분히 나오게, 노르스름해질때까지 볶습니다.
3. 파가 노르스름하게 볶아지면 오징어를 넣고 볶다가 설탕 1큰술을 넣어 볶습니다.
4. 마늘 1큰술 고추장 1큰술을 넣어고 볶습니다. 볶는 시간은 최소로 하세요, 마늘넣고 팬들어가며 섞어주는식으로 볶고, 고추장 넣고도 마찬가지로요.
5. 간장 5큰술, 고춧가루 3큰술을 넣고 볶습니다. 너무 뻑뻑한 느낌이 들면 물 반컵을 넣고 볶습니다.
6. 이제 준비한 채소를 볶던 팬에 전부 넣습니다.
7. 잘 섞어가며 채소의 숨이 죽지않게 단시간으로 볶다가 불에서 내리기 직전 참기름을 촤악~ 둘러주고 끝!!
8. 그릇이나 달군 팬에 먹음직스럽게 담고 통깨를 솔솔 뿌려 상에 냅니다. 완성!입니다. 맛있게 드세요~",4인분,20분 이내,아무나
3,돼지고기 김치찌개 맛내는 비법,https://www.10000recipe.com/recipe/1785098,https://recipe1.ezmember.co.kr/cache/recipe/2015/08/25/a01d013a6b6f9d526c43f4659db2cd61_m.jpg,"물 2컵 (250ml 기준), 돼지고기 찌개용 250g (또는 목살), 신김치 200g, 김칫국물 5큰술, 참기름 1작은술, 양파 1/2개, 청고추 2개, 대파 약간, 고추장 1큰술, 미림 1큰술, 국간장 1/2큰술, 소금 1꼬집, 다진마늘 1큰술, 국간장 1/2큰술, 후추 약간","1. 돼지고기는 분량의 양념을 넣어 조물조물 해주신후 30분 이상 재웁니다.
2. 냄비에 썰어둔 김치와 밑간한 돼지고기, 김칫국물 5큰술, 참기름 1작은술을 넣어 약불에서 3~5분간 충분히 볶아줍니다.
3. 돼지고기 자체에 지방이 붙어있으니 참기름은 많이 넣지 않으셔도 된답니다. 이렇게 충분히 볶아주세요~.
4. 충분히 볶아진 김치에 물 1컵을 넣어 끓여줍니다.
5. 물 1컵을 넣어 보글보글 끓여준후 나머지 1컵을 더 부워주도록 합니다. 물을 한꺼번에 부워서 끓이는것보다 이렇게 나눠서 끓여주면 국물맛이 더욱 좋아진답니다.
6. 보글보글 국물이 끓으면 여기에 양파와 두부를 넣어줍니다.
7. 국간장을 넣어줍니다.
8. 모든 재료가 한데 잘 어우러졌다면 다진마늘과 어슷 썬 고추 1개를 넣어줍니다.
9. 부족한 간은 소금으로 해주시고 대파와 나머지 고추 1개를 더 넣어 한소끔 더 끓이신후 마무리 합니다.",3인분,30분 이내,초급
4,소불고기 황금 양념 레시피,https://www.10000recipe.com/recipe/6879215,https://recipe1.ezmember.co.kr/cache/recipe/2017/11/07/ca8c24608189aaf9d376f14b3f3be57c1_m.jpg,"소불고기 700g, 양파 1개, 대파 1대, 팽이버섯 1팩, 느타리버섯 1팩, 설탕 4T, 물엿 2T, 매실액 1T, 다진마늘 3T, 간장 12T, 후추 약간, 참기름 3T","1. 소고기 등심에 설탕 4스푼, 물엿 2스푼을 넣어요.
2. 거기에 매실액(저는 깔라마시 꿀로 대체) 다진마늘 3스푼, 간장 12스푼 후추 약간을 넣고 주물러 양념이 배게 해줍니다.
3. 여기에 참기름 1스푼을 넣고 주물러 30분 기다려줘요.
4. 기다리는 동안 야채와 버섯 손질도 샤샤샥^^
5. 재워 둔 고기에 야채를 모두 넣고 참기름을 2스푼 더 첨가한 뒤 섞어주고 센 불에 구우면 끝!!
6. 아아, 제가 했지만 너무 맛있어요 ㅠㅜ ㅎㅎㅎ 혹시라도 고기 냄새에 좀 민감하시면 청주나 맛술 한스푼 추가 추천해요~ 밥에 올려서 촵촵 정말 맛있게 먹었어요 :)",2인분,30분 이내,고급
5,절대 실패없는 제육볶음 황금레시피 감칠맛과 매운맛이 좋아요~!!,https://www.10000recipe.com/recipe/6905743,https://recipe1.ezmember.co.kr/cache/recipe/2019/01/31/e8cab950076b23a80f16dd7858dd514e1_m.jpg,"돼지고기 앞다리살 600g, 양파 1/2개, 청양고추 2~3개, 대파 1/3개, 고추장 3큰술, 고춧가루 2큰술, 다진마늘 1큰술, 설탕 2큰술 (또는 매실액), 간장 1큰술, 통깨 약간, 후추 약간","1. 재료를 준비해주세요~.
2. 양념재료를 모두 넣어주세요~.
3. 양념재료가 잘 섞이도록해주세요~.
4. 대파와 청양고추는 어슷썰어주고 양파는 1cm 두께로 썰어주세요~.
5. 돼지고기는 한입크기로 썰어주세요~.
6. 만들어둔 양념장을 고기에 넣어 버무려주세요~.
7. 양념 후 바로 볶아도 되지만 냉장고에 30분정도 두어 숙성시켜주면 양념이 베어 더욱 맛있답니다~!!
8. 팬에 식용유 2큰술과 대파를 넣고 강불로 3분정도 볶아 파기름을 내주세요~.
9. 양념한 고기를 넣어주세요~.
10. 중불로 볶아 고기를 완전히 익혀주세요~. 약 8분정도면 다 익는답니다~!!
11. 양파와 청양고추를 넣어주세요~.
12. 강불로 2분정도 볶아준뒤 불을 꺼주세요~.
13. 마지막으로 통깨를 뿌려주면 맛있는 제육볶음 완성입니다~!!",3인분,30분 이내,초급
6,고구마줄기 볶음 고구마순 볶음 고소하게 만들어요,https://www.10000recipe.com/recipe/6876068,https://recipe1.ezmember.co.kr/cache/recipe/2017/09/08/ff77aa95bf7d0b44bee3a047e958ae5c1_m.jpg,"고구마줄기 3줌, 양파 1/2개, 식용유 2큰술, 다진마늘 1큰술, 국간장 2큰술, 진간장 2큰술, 참기름 1큰술, 들깨가루 2큰술, 소금 1큰술, 깨소금 약간","1. ? 껍질 손질이 안된 상태라면 데친 후에 껍질을 벗겨 주셔도 되고요 아님 윗부분을 살짝 꺾어서 밑으로 쭉 ~ 내려주시면 껍질이 쉽게 벗겨진답니다 ?
2. 고구마줄기는 껍질 벗기면서 적당한 길이로 뚝뚝 잘라 주셔도 되고 데친 후 칼로 썰어 주셔도 되세요 양파는 채 썰어주세요
3. ? ? ?손질이 끝난 후엔 냄비에 소금 1큰술을 넣고 ?끓기 시작하면 고구마순 투하 !
4. ? 3~4분 정도 데쳐서 ??찬물에 헹궈 물기를 제거해주세요
5. ? 그리고 팬에 다진마늘 1큰술과 식용유 2큰술을 두르고 볶고 마늘향이 올라오면 고구마줄기를 넣어 2분 정도 볶음 ! ? 뒤이어 양파도 볶아 주세요
6. ? 이제 간만 맞추면 끝 !! ?국간장 2큰술로 간을 맞추고 진간장 2큰술로 감칠맛을 더하고 ^^
7. 참기름 1큰술과 들깨가루 2큰술을 넣어 고소함을 살려주세요
8. 모자라는 간은 소금으로 마무리 ~ 깨소금도 뿌려주세요",2인분,15분 이내,초급
7,백선생표 감자전,https://www.10000recipe.com/recipe/6850115,https://recipe1.ezmember.co.kr/cache/recipe/2016/06/25/5c69c55183afa9c4cf1be4e417668a031_m.jpg,"감자 3개, 물 (감자가잠길만큼), 소금 1꼬집, 식용유 넉넉히, 간장 3큰술, 식초 1/2큰술, 청양 고추 다진 것 1개","1. 감자를 준비하시구요. 3개면 중간 크기의 감자전 2장이 나옵니다. ?
2. 감자를 믹서에 갈기 좋겠금 작게 잘라줍니다.
3. 믹서에 자른 감자를 넣고 물은 감자가 갈릴 정도로 넣어줍니다. ?
4. 곱게 갈아주세요. ?
5. 요렇게 감자가 갈아졌네요. ?
6. 고운 체나 고운 천에서 믹서에 간 감자를 걸러주세요. ?
7. 곱게 갈린 감자가 체 위에 남게 되구요. ?
8. 물이 아래로 내려가게 되지요. 그러면 잠시 이 물을 가라앉힙니다. 그리고 이 윗물을 살포시 버려주세요.
9. 그러면 아래에 감자전분만 남게 되지요. 이 감자전분이 감자전의 핵심 포인트입니다. 이 감자전분을 감자전 반죽에 같이 사용하는 것이랍니다. ?
10. 감자전분에 감자 간 것을 같이 섞어주세요.
11. 잘 섞어진 감자전 반죽입니다. ?
12. 소금을 약간만 넣어주시구요. ?
13. 기름을 넉넉하게 두르고 한 국자씩 떠서 부쳐줍니다. 약간 작게 부치는 것이 뒤집기가 편하지요. 너무 크게 부치면 뒤집기가 어렵고 잘 부숴진답니다. 고추로 고명을 만들어주었구요. 노릇하게 부쳐지면 한번만 뒤집어서 익혀줍니다. 자주 뒤집지 마세요. 오히려 부숴진답니다. ?
14. 아주 바삭해보이지요? ?
15. 백선생표 감자전이 완성되었습니다. ? 강판에 갈지 않아 너무 편하구요. 소금 약간 외엔 아무것도 들어가지 않은 100% 감자전입니다. 젓가락으로 찢으면 요렇게 잘 찢어지는데요. 겉은 바삭하고 안은 쫀득한 감자전입니다. 양념간장은 간장 3큰술, 식초 반큰술, 청양고추를 다져서 만들어 주시구요. 바삭한 감자전, 한번 만들어 보세요. 이제 힘들게 강판에 감자를 갈지 마세요. 손을 다칠 수도 있구요. 편한 믹서를 사용해보세요. 요 감자전, 정말 강추 메뉴입니다.",2인분,15분 이내,아무나
8,"즉석 오이무침 만드는 법, 아삭아삭 상큼한 오이무침, 밑반찬",https://www.10000recipe.com/recipe/6907661,https://recipe1.ezmember.co.kr/cache/recipe/2019/03/04/9f0011ecaaffe13ae2d4cb79c12af93a1_m.jpg,"오이 1개, 고추 1개, 양파 1/4개 (큰거), 파 1큰술 (송송썸), 고추장 1큰술, 고춧가루 1큰술, 액젓 1큰술, 식초 1큰술, 참기름 1큰술, 설탕 1.5큰술, 다진마늘 0.5큰술, 통깨 적당량","1. 오이는 굵은 소금으로 문질러 가시부분을 제거하거나 칼등으로 제거 해 주고 동글동글 두께감이 있게 썰어 주고요, 양파는 채, 파와 고추는 송송 썰어 준비해요.
2. 분량의 양념장을 잘 섞어 만들어요.  ?
3. 채소를 양념장에 넣고요,  ?
4. 싹싹 잘 버무려 주면 맛있는 오이무침 완성입니다.
5. 즉석으로 무쳐내어 더욱 신선하고 맛깔스런 오이무침으로 맛있는 식사하세요~",3인분,10분 이내,아무나
9,백종원 오이냉국 황금레시피 입맛 없을때 최고,https://www.10000recipe.com/recipe/6852492,https://recipe1.ezmember.co.kr/cache/recipe/2016/07/11/5ff784d23ec4aab4c02952d684bbc7e91_m.jpg,"오이 1개, 양파 1/2개, 당근 약간, 미역 적당히, 홍고추 1개, 물 600ml, 소금 1숟가락, 설탕 1숟가락, 식초 6숟가락, 깨","1. 야채들은 적당히 채썰어 준비 해주세요
2. 미역은 물에 먼저 불려주세요 ~
3. 제일 중요한 냉국물 만들기 물은 600ml 준비해주시고요 소금 1, 설탕1, 식초 6 을 넣고 잘 저어주세요
4. 그리고 야채와 불린 미역, 마지막으로 홍고추와 깨 약간 넣어주세요
5. 그리고 잘 섞어 주면 맛있는 오이냉국 완성",2인분,30분 이내,초급
10,두부조림 양념장 만드는 법,https://www.10000recipe.com/recipe/6891526,https://recipe1.ezmember.co.kr/cache/recipe/2018/06/26/b423d8a43b45d4f8dd820f82fb37a9461_m.jpg,"두부 1모, 물 1/4컵, 소금 약간, 고춧가루 1스푼, 간장 3스푼, 맛술 1스푼, 다진 마늘 0.5스푼, 다진 대파 3스푼 , 설탕 0.5스푼, 참기름 1스푼","1. 먹기 좋게 한 입 크기로 도톰하게 썰어주고 키친타월을 이용해 물기를 제거하고 그 위에 소금을 뿌려 밑간을 해주세요. 물기를 제거하고 소금으로 밑간을 해주면 두부가 단단해진답니다. 그리고 나중에 조리할 때 양념이 겉돌지 않고 않아요.
2. 양념장을 만들어주세요. 다진 대 파3,다진 마늘 0.5를 넣어주고 이때 대파를 넉넉하게 넣어주면 양념 맛도 순해지고 감칠맛도 좋답니다.
3. 나머지 양념재료인 고춧가루 1, 간장 3, 맛술 1, 설탕 0.5, 참기름 1을 모두 한데 넣고 고루 섞어주세요.
4. 달군 팬에 식용유 평소 보다 조금 넉넉하게 두르고 물기를 빼놓은 두부를 넣어 앞, 뒤로 노릇노릇하게 부쳐주세요.
5. 두부가 전체적으로 노릇하게 부쳐지면 준비해 놓은 양념장을 숟가락을 이용해 조금씩 떠 두부 위에 고루 얹어 주세요.
6. 그리고 양념장 담은 볼에 물(종이컵 기준) 1/4을 담아 전체적으로 조금씩 끼얹어 주세요
7. 불은 중불로 해주시고 국물을 숟가락으로 떠 두부 위에 끼얹고 두부를 한 번씩 뒤집어 가며 자박자박하게 조려 마무리합니다.
8. 두부조림 완성 ^^",2인분,60분 이내,아무나
11,백종원레시피로 만든 콩나물무침으로 밥 한 끼 뚝딱 ~,https://www.10000recipe.com/recipe/6867256,https://recipe1.ezmember.co.kr/cache/recipe/2017/03/22/93dd58483544283879abe07cb3ca75961_m.jpg,"콩나물 1봉지, 대파 1/6대 (또는 쪽파), 당근 1/5개, 고춧가루 2큰술, 다진 마늘 1/2큰술, 참기름 1큰술, 진간장 1큰술, 소금 입맛에맞게, 깨소금 적당량","1. 콩나물은 흐르는 물에 여러 번 조심스레 씻어준 뒤 체에 밭쳐 물기를 빼둡니다. 당근은 색내기용으로 조금 넣어줬어요. 안 넣으셔도 무방합니다. 대파도 송송 잘라 준비합니다.
2. 냄비에 물이 끓기 시작하면 소금 반 큰 술과 콩나물을 넣어줍니다.  콩나물은 센 불에서 팔팔 끓여주시고요. 데치는 시간은 양에 따라 달라지는데요. 보통 4-6분 사이가 적당하다고 하니 참고하세요!  뽕림이는 5분 정도 삶아주니까?딱 좋더라고요.
3. 데친 콩나물은 체에 밭쳐 물기를 충분히 빼주세요.
4. 어느 정도 물기가 빠졌다면 볼에 콩나물을 넣고, 채 썬 당근, 대파를 넣어줍니다.
5. 그리고 나서 고춧가루 2 큰 술, 소금 적당량, 다진 마늘 반 큰 술, 깨소금을 적당량 넣어주세요.
6. 진간장도 한 큰 술 투척한 뒤 콩나물 대가리가 떨어지지 않도록 조심스레 섞어주세요.
7. 마지막으로 참기름 한 큰 술 두르고 조물조물해준 뒤 맛을 봐주세요.  약간 싱거우시다면 간장 또는 소금으로 간을 해주시면 됩니다.
8. 저는 딱 좋더라는 ^^
9. 이렇게 10분 만에 완성된 초간단 콩나물무침!  오늘도 백종원 아저씨의 레시피 덕분에 힘들이지 않고 반찬 하나 뚝딱 만들었네요 ^^",2인분,10분 이내,아무나
12,"백선생 레시피, 겉은 바삭 속은 쫀득한 감자채전 만들기",https://www.10000recipe.com/recipe/6871961,https://recipe1.ezmember.co.kr/cache/recipe/2017/06/29/970025d6e8d31e2051dab5662d8311d71_m.jpg,"중간크기 감자 2개, 소금 1/2티스푼, 부침가루 1.5큰술, 후추 약간, 식용유 넉넉하게","1. 먼저 감자칼로 감자의 껍질을 벗겨준 뒤 얇게 채를 썰어주세요.
2. 얇게 채썬 감자는 흐르는 물에 두어 번 헹궈 전분기를 빼주시구요. 체에 밭쳐 물기를 제거해줍니다. * 보통의 감자전은 전분기로 인해 쫄깃한 식감이 느껴지지만 이번에 만들 감자채전은 쫄깃한 식감보다는 바삭한 식감을 살려주기 위해 전분기를 제거해 준비해주도록 해요. *
3. 물기를 뺀 감자는 볼에 담아주시구요. 부침가루 1.5 큰 술과 소금 반 티스푼, 후춧가루 적당량을 넣고 잘 섞어주세요.
4. 이렇게 숟가락으로 조심스레 섞다 보면 감자에서 물기가 나오기 때문에 물을 따로 넣지 않아도 돼요.
5. 예열된 팬에 식용유를 넉넉하게 두른 다음 원하는 크기대로 반죽을 올려 중불에서 노릇하게 구워줍니다. ** 감자 속이?투명하게 변하고, 감자채전 가장자리가 노릇해지면 뒤집어주세요. **
6. 노릇노릇 먹음직스럽게 구워진 감자채전 ♡ 강판에 갈아먹는 부드럽고 쫄깃한 감자전과 달리 바삭한 식감으로 씹는 맛이 남다르다 보니?자꾸만 손이 가네요 +_+
7. 간이 삼삼해서 그냥 먹어도 좋고, 식초와 간장, 고춧가루를 넣은 간장소스에 찍어 먹어도 good! 아, 넘 맛있게 잘 먹었네요 -",2인분,10분 이내,초급
13,소갈비찜 만드는 법 - 생일상차림 메뉴,https://www.10000recipe.com/recipe/6881450,https://recipe1.ezmember.co.kr/cache/recipe/2017/12/28/2ae16d56729371528da4a84b2afdb2f01_m.jpg,"소갈비 800~900g, 무 2토막 (두께 5cm 정도), 당근 1/2개, 대파 1대, 배 1/2개, 양파 1/2개, 다진 마늘 2스푼, 간장 10스푼, 올리고 당 2스푼, 굴 소스 1스푼, 맛술 5스푼, 청주 4스푼, 설탕 2스푼, 다진 생강 0.3스푼, 후춧가루 0.3스푼, 참기름 0.5스푼","1. 갈비는 찬물에 3~4시간 정도 담가 핏물을 빼주세요. 중간에 물을 3~4번 정도 갈아주세요. 탄산수, 콜라를 이용해 핏물을 제거하면 시간을 단축시킬 수 있답니다. 참고하세요. 그리고 저는 호주산 소갈비를 이용했어요. 살도 많고 가격도 착해서 이용하는데 맛도 괜찮더라고요 ^^
2. 냄비에 갈비를 삶아줄 물을 담고 끓여주세요. 팔팔 끓어오르면 핏물을 뺀 갈비를 넣고 3분 정도 데쳐주세요. 데치는 과정을 통해 기름기와 잡내를 제거할 수 있답니다.
3. 데친 갈비는 찬물에 헹궈 물기를 빼주세요.
4. 믹서기에 양파 1/2, 배 1/2를 넣고 갈아주세요. 갈아놓은 양파, 배를 그릇에 담고 나머지 양념재료 간장 10, 굴 소스 1, 맛술 5, 청주 4, 설탕 2, 올리고 당 2, 다진 마늘 2, 다진 생강 0.3, 후춧가루 0.3, 참기름 0.5를 넣고 섞어 줍니다. 배 대신 키위를 이용하셔도 좋아요
5. 양념소스가 완성되면 데쳐 놓은 갈비에 부어 재워주세요. 바로 다시는 것보단 하루 정도 냉장고에 넣어 숙성 시켜주심 휠씬 맛있답니다. 아님 바로 해서 드셔도 괜찮고요.
6. 무, 당근은 큼직하게 썰어 동글동글하게 다듬어주고, 대파는 어슷 썰어주고 그 외 대추, 밤 등 함께 넣어도 좋아요.
7. 하루 숙성시킨 소갈비를 그릇에 담고 여기에 물 1컵(종이컵)을 붓고 뚜껑을 닫고 고기가 푹 익을 때까지 끓여주세요. 압력솥으로 하면 고기가 더 야 들하니 잘 익어요. 그리고 압력솥으로 하실 땐 물을 넣지 마세요. 물을 넣게 되면 맛없어요.
8. 고기가 익으면 뚜껑을 열고 기름을 숟가락으로 걷어내고 무, 당근을 넣어 주고 국물이 자 박해질 때까지 익혀주세요.
9. 마지막에 준비해 놓은 대파를 넣고 살짝 더 익혀 마무리해줍니다.
10. 소갈비찜 완성",4인분,2시간 이상,아무나
14,국물이 너무 개운해요~맑은콩나물국 맛있게 끓이는법(김진옥요리가좋다),https://www.10000recipe.com/recipe/6905196,https://recipe1.ezmember.co.kr/img/icon_vod.png,"콩나물 4줌, 다진파 5T, 멸치다시마육수 500ml, 다진마늘 1/2T, 국간장 1T, 멸치액젓 1T, 소금 1/3T","1. 콩나물은 누런부분과 껍질부분 제거하고 두세번 세척후 소쿠리에 받쳐줍니다. 미리 멸치다시마육수 500ml도 준비해주세요~
2. 냄비에 씻은 콩나물을 넣고 멸치다시마육수 500ml를 넣은후 물 700ml를 넣고요~
3. 센불로 켠후 끓으면 중약불로 줄여 5분동안 끓여줍니다.
4. 5분경과후~ 다진마늘1/2T. 다진파5T. 국간장1T. 멸치액젓1T를 넣은후~ 한번 바글 끓인후 간을 보셔서 싱거우면 소금간을 추가하세요~ 저는 소금1/3T정도 넣었습니다.",4인분,15분 이내,아무나
15,"구워서 만든 가지무침, 백종원 레시피",https://www.10000recipe.com/recipe/6832325,https://recipe1.ezmember.co.kr/cache/recipe/2015/08/19/ee994efa0ddbcda632c1ef90f49d8e4f1_m.jpg,"가지 2개, 진간장 3T, 고춧가루 1T, 설탕 1T, 참기름 1T, 마늘 1t, 파 약간, 청양고추 약간, 통깨 약간","1. 먼저 가지를 깨끗하게 씻은 다음 어슷하게 썰어줍니다. (두께는 한 0.8~1cm 정도)
2. 달궈진 팬에 가지를 올려 구워줍니다. 식용유는 NO~ 기름없이 그냥 구워줍니다.
3. 진간장 3, 고추가루 1, 설탕 1, 참기름 1, 파, 마늘, 깨를 넣고 양념장을 만듭니다. (
4. 구운가지에 양념장을 넣고~
5. 양념장이 가지에 잘 배기도록 조물조물 무쳐주면 끝~",3인분,15분 이내,초급
16,"소세지야채볶음 황금레시피, 쏘야 맛있게만들기",https://www.10000recipe.com/recipe/6872975,https://recipe1.ezmember.co.kr/cache/recipe/2017/07/19/907c4662b413b0cdbc4e9ea088935ba21_m.jpg,"비엔나소세지, 양파 1/3, 파프리카 1/3, 당근 1/3, 식용유, 케찹 2T, 고추장 1T, 굴소스 1T, 올리고당 1T, 다진마늘 1/3T","1. 야채를 먹기 좋은 크기로 잘라주세요.
2. 비엔나소세지에 칼집을 내어 끓는 물에 데쳐주세요. 데치는 과정은 생략 가능하지만, 저는 불순물 제거와 예쁜 모양을 위해 꼭 해주고 있어요.
3. 양념장을 만들어주세요.
4. 식용유를 팬에 두르고, 손질해둔 야채는 중약불로 볶아주세요.
5. 야채가 어느 정도 익었다면 소세지를 넣고 2~3분간 볶아주세요.
6. 미리 만들어둔 양념장을 넣고 약불로 3분간 볶아주세요.",4인분,30분 이내,초급
17,복숭아 보관법 싱싱하게 보관하는 방법,https://www.10000recipe.com/recipe/6917108,https://recipe1.ezmember.co.kr/img/icon_vod.png,복숭아 6개,"1. 복숭아 잘 고르는 팁은 별거 없어요. 딱딱한가 만져 보고 색이 선명한 것을 고르라고 하더 라구요.
2. 후숙이 잘 된 복숭아를 이제 어떻게 보관하느냐 바로 키친 타올로 하나씩 감싸서 물기가 생기는 것도 방지하고 냉기가 직접 닿아서 어는 것을 방지하면 되세요.
3. 요렇게 낱개로 키친타올로 감싸 주세요.
4. 키친 타올에 복숭아를 하나씩 싸서 다 싼 복숭아를 지퍼백이나 밀폐용봉지나 용기에 담아서 냉장 보관하심 되세요. 복숭아는 0-4도 정도에 보관해야 제일 맛있다고 하더라구용.",6인분 이상,2시간 이상,아무나
18,"엄마의 레시피, 소고기 미역국 끓이는 법",https://www.10000recipe.com/recipe/6873683,https://recipe1.ezmember.co.kr/cache/recipe/2017/07/28/860484b80033e84a3584a366ae903a0d1_m.jpg,"소고기 180g (국거리용), 미역 1줌 (20g), 쌀뜨물 1.4L (혹은 물 종이컵 기준 약7컵), 다진마늘 1큰술, 참기름 1큰술, 국간장 2큰술, 소금 약간","1. 키친타올을 이용해 소고기 핏물을 닦아주세요.
2. 미역은 물 500ml(약 2.5컵)에 10분간 불려주세요.
3. 미역은 물 500ml(약 2.5컵)에 10분간 불려주세요.
4. 불린 미역은 가위를 이용해 먹기 좋은 크기로 잘라주세요.
5. 미역은 체를 이용해 건져주세요. 이때 미역 불린 물은 버리지 않고 미역국 끓일 때 물 대신 사용해주세요.
6. 중불로 달군 냄비에 참기름 1큰술을 두른 뒤 다진마늘 1큰술과 소고기를 넣고 볶아주세요.
7. 소고기 겉면이 절반 정도 익을 때쯤 국간장 1큰술을 넣어 볶아주세요.
8. 미역을 넣고 푸른색을 띨 때까지 달달 볶아주세요.
9. 쌀뜨물 혹은 미역 불린 물 400mL(약 2컵)를 붓고 강불로 올려주세요.
10. 국물이 끓기 시작하면 물 1L(약 5컵)를 넣어주세요. 다시 끓어오르면 중약불로 줄인 뒤 15분간 끓여주세요.
11. 국간장 1큰술을 넣고 부족한 간은 소금으로 더해주세요. 엄마 손맛 가득한 미역국 완성입니다.",4인분,60분 이내,초급
19,"[여름별미음식]백종원 노각무침 만드는 법,노각무치는법",https://www.10000recipe.com/recipe/6851791,https://recipe1.ezmember.co.kr/cache/recipe/2016/06/29/064cc5066527be39c4967ce5c5435e681_m.jpg,"노각 1개, 쪽파 3개, 굵은소금 1스푼, 고추가루 1스푼, 간마늘 1스푼, 깨 1스푼, 설탕 1스푼, 고추장 1스푼, 참기름 1스푼","1. 재료: 노각1개,쪽파3개,굵은소금1스푼     양념재료:고추가루1스푼,간마늘1스푼,깨1스푼,설탕1스푼,고추장1스푼,참기름1스푼           (계량은 모두 밥수저로 했습니다)
2. 요즘 제철이라서 마트 가면 요렇게 생긴 늙은 오이를 팔아요     늙은 오이 또는 노각이라고 하죠 ㅎㅎㅎ     노각은 수분함량이 많아 여름에 먹으면 참 별미랍니다^^     우선 노각을 필러를 이용해서 껍질을 벗겨주세요.
3. 껍질을 벗긴 노각은 반으로 잘라줍니다.
4. 반으로 자른 노각을 수저를 이용해서 씨를 모두 발라냅니다.
5. 그리고 얇게 썰어줍니다.
6. 썰어낸 노각에 굵은소금1스푼을 넣고 조물조물 해주어 소금이 잘섞이도록 해준뒤     10분간 절여줍니다.     소금에 절이면 탱탱해진다고해요 ㅎㅎㅎ
7. 노각을 절이는 동안 쪽파3개를 준비해서 썰어주고     쪽파가 없다면 대파1/2개도 가능합니다.
8. 고추가루1스푼,간마늘1스푼,설탕1스푼,고추장1스푼을 넣고
9. 잘섞어서 양념장을 만들어줍니다.
10. 10분뒤 보면 저렇게 물이 많이 생겨난걸 볼수 있어요.
11. 찬물에 1-2번정도 헹구어 준뒤 체에 걸러 물기를 제거해줍니다.     그리고 거즈면같은걸로 물기를 꾸욱 짜줍니다.
12. 물기가 어느정도 제거된 노각에~
13. 양념장을 넣고 조물조물 해줍니다.     이따 손으로 박박 해주라고 하네요 ㅎㅎ
14. 1차로 버무린 노각에 쪽파와 참기름1스푼,깨1스푼을 넣고,
15. 한번더 조물조물 해주면!!
16. 노각무침완성입니다.     백종원레시피는 오랜만에 해보는데 요거 참 맛있네요^^",3인분,15분 이내,아무나
20,맛있는 밑반찬 백종원 가지볶음,https://www.10000recipe.com/recipe/6917883,https://recipe1.ezmember.co.kr/cache/recipe/2019/08/21/f51404dc513ccc76be4b5668f5dd350b1_m.jpg,"가지 2개, 고추 1개, 양파 1/4개, 대파 1대, 참기름 1큰술, 통깨 0.5큰술, 간장 2큰술, 굴소스 1큰술, 설탕 1큰술, 다진마늘 0.5큰술, 고추가루 0.5큰술","1. 먼저 가지를 먹기좋게 썰어주어요,저처럼 동글하게 썰어도 좋고, 손가락 만하게 썰어도 OK!
2. 양파는 채썰고, 파와 고추는 너무 얇지않게 쫑쫑~ 썰어주세요.  ?
3. 분량의 양념장을 만들어 주세요.
4. 넉넉하게 기름을 두른 팬에 파를 먼저 넣고 볶아서 파향을 내어 주면 볶음의 풍미가 훨씬 좋아진답니다.
5. 파가 노릇해질때 가지와 양파를 넣고 계속 볶아주어요.  ?
6. 가지가 어느정도 익으면 양념장을 넣고 양념이 잘 베이도록 볶아줍니다.
7. 완성무렵에 참기름 1큰술 휘리릭~ 둘러주고요, 고추도 넣어줍니다. 지금 고추를 넣으면 씹히는 맛이 있어 좋더라구요.
8. 마지막으로 통깨 0.5큰술 톡톡톡~ 완성입니다 : )
9. 가지는 호불호가 있는 채소인데 이렇게 맛있게 볶는다면 아마도 모든분들이 만족하며 드실 수 있으실 거에요 : D",3인분,15분 이내,아무나
21,생생정보통 잡채 황금레시피 이거였네,https://www.10000recipe.com/recipe/6879533,https://recipe1.ezmember.co.kr/cache/recipe/2017/11/14/a2d4839b5743d121d4d2b46fdbc9aa5b1_m.jpg,"당면 1.5줌 , 당근 약간, 파프리카 약간, 목이버섯 1줌, 양파 1/2개, 부추 약간, 잡채용 돼지고기 1줌, 다진마늘 1작은술, 진간장 1작은술, 참기름 1작은술, 미림 맛술 2작은술, 후추 약간, 간장 10큰술, 물엿 20큰술 (또는 올리고당)","1. 목이버섯은 물에 살짝 불려서 사용할꺼예요 물에 버섯을 한줌정도 넣어서 불려주세요
2. 잡채용 고기에는 밑간을 살짝 했다가 볶아줄꺼예요 다진마늘, 간장, 참기름 1작은술씩 넣어주고 미림 2작은술, 후추 약간 넣어 20분정도 밑간해줬어요
3. 부추, 양파, 당근, 파프리카등의 야채는 먹기좋은 크기로 잘라서 준비해주세요
4. 당면은 끓는물에 11분 삶아주는게 맛있는 잡채 만드는 포인트예요 !
5. 당면이 삶아지는 동안에 부추를 제외한 나머지 야채와
6. 고기를 후라이팬에 따로 볶아서 준비해주세요
7. 당면은 11분이 지나면 바로 채에 걸러 찬물에 헹궈서 준비해주세요
8. 그리고 바로 당면에 양념을 입혀줄껀데요 위에서 말씀드렸다 싶이 간장과 물엿은 1:2 비율로 넣어주시면 되요
9. 양념이 팔팔 끓어오르기 시작하면 준비해두었던 당면을 넣어주고
10. 카놀라유를 4큰술 정도 둘러주세요 ~ 그래야 당면끼리 서로 달라붙지 않고 불지 않는다고 하더라구요 ~
11. 그리고 센불로 양념이 졸아들때까지 저어가면서 당면에 색을 곱게 입혀주시면 된답니다 ~
12. 당면의 양념이 어느정도 졸아들면 큰 양푼이나 그릇에 넣고 한김 식혀준다음 미리 준비해두었던 야채와 고기를 전부 넣고 골고루 맛있게 비벼주시면 된답니다 ~!!
13. 저희 신랑은 당면을 그리 좋아하진 않아서 저는 당면보다 야채랑 고기를 더 많이 넣어줬는데요 이렇게 하니 훨씬 맛있게 잘 먹는것 같더라구요 ~",4인분,30분 이내,아무나
22,정말 쉬운 감자간장조림~~실패율 0%!!!당장 도전입니당♡♡♡,https://www.10000recipe.com/recipe/6896724,https://recipe1.ezmember.co.kr/cache/recipe/2018/09/28/bf1119e96115a8d19b2014d81c9e4fb41_m.jpg,"감자 3개, 양파 조금, 다진파 조금 (생략가능), 간장 3숟가락, 물엿 4숟가락, 식용유 2숟가락, 통깨 넉넉히","1. 감자를 깍두기로 썰어요 넘 크지 않아야 양념이 잘 배어들어요
2. 물에 헹궈서 전분기를 빼줘요
3. 간장.물엿.식용유를 먼저 넣고(물을 먼저 넣고 양념을 넣으면 한강이 될 수 있어요)
4. 물은 자작한 정도까지 붓고
5. 뚜껑 덮고 10분정도 끓여요
6. 10분 졸이면 물이 요정도
7. 뚜껑열고 5분 정도 더 졸여요~~개인취향에 따라 진한 색을 좋아하면 타지 않게 팬을 흔들면서 색깔을 내요
8. 깨범벅을 해야 맛있어요~",3인분,30분 이내,초급
23,"소고기무국 황금레시피, 재료는 간단! 맛은 최고!",https://www.10000recipe.com/recipe/6845113,https://recipe1.ezmember.co.kr/cache/recipe/2016/03/22/34653c3f0b81699d266dcfc1418365c01_m.jpg,"무 1/3개, 소고기 (국거리용), 대파 1개, 참기름 2T, 간마늘 1T, (집)국간장 4T, 멸치육수 적당량 (or 물)","1. 국거리용 소고기와 얇게 나박나박 썬 무를 준비해주세요. 무는 얇게 썰수록 조리시간이 줄어드니 조리시간 감안해서 썰어주세요.
2. 참기름 2T 넣고 중불에서 소고기를 먼저 볶아주세요.
3. 참기름 넣고 볶다가 고기가 살짝 덜 익었을 때 국간장 4T 넣고 볶아주세요. 국간장을 고기 볶을 때 넣어서 의아해 하셨죠 ? 이것이야 말로 저만의 비법!
4. 소고기가 맛있게 달달 볶아지면, 썰어둔 무를 넣고 볶아주세요.
5. 미리 끓여둔 멸치육수를 조금 붓고 뚜껑을 덮어 센불로 끓여주세요. 같은 방법으로 3번 반복해서 끓여주세용 :)
6. 뚜껑 닫고 팔팔 끓이다보면 ! 고기에서 나오는 거무스름한 거품이 생기거든요, 거품을 제거해주세요.
7. 간마늘 1T, 대파 1개를 송송 썰어 소고기무국에 투하! 간마늘 향 강한거 싫으시면 0.5T 줄여서 넣어주세요.
8. 푹 끓여주면 소고기무국 완성이요 :)  전 미리 끓여둬서 불 끄고 식혔다가 신랑올 때쯤 다시 끓였더니 더 깊은 맛이 나고 맛있었다는! 그리고 무엇보다 멸치육수 덕분에 더 구수하고 깔끔한 맛이 났지요.",2인분,30분 이내,아무나
24,안동찜닭 황금레시피 찜닭 레시피 중에서 최고!,https://www.10000recipe.com/recipe/6880798,https://recipe1.ezmember.co.kr/cache/recipe/2017/12/11/8abb7bc5ceede607442029340e1b72011_m.jpg,"손질된 닭 한마리 7호, 당면 1줌, 감자 큰 거 2개, 양파 1개, 당근 1/3개, 오이 1/3개, 대파 1/2개, 청고추 1개, 물 4종이컵, 진간장 13스푼, 물엿 5스푼, 설탕 3스푼, 캐러멜소스 1스푼 (생략가능), 다진마늘 3스푼, 후춧가루 톡 3번, 인스턴트커피 1봉, 미림 3스푼 (혹은 소주), 쌀뜨물 (또는 우유)","1. [당면 불리기] 큰 볼에 당면 한줌 분량을 넣고 당면이 잠길 정도의 찬물을 넣어주세요. 그냥 사용하면 억세기 때문에 약 1시간 정도 불려 주었습니다.
2. 1시간 정도 불려주면 부피가 늘어나는데요. 참고해주셔서 취향에 따라 가감해 주세요.
3. < 야채 손질 > 당근 1/3개는 둥글 납작한 모양으로 양파 1개는 듦성 큼직하게 오이 1/3개는 어슷썰기로 대파 1/2개는 손가락 길이 정도로 큼직하게 썰어서 준비해주세요.
4. [닭 잡내 제거 1차] 손질되고 토막 난 7호 닭 1마리는 흐르는 물로 1차 세척을 해주세요. 큰 볼에 닭이 모두 잠길 정도의 쌀뜨물을 담고 약 30분 동안 잡내를 제거해주시고요.
5. [닭 잡내 제거 2차] 1차 잡내 제거를 마친 닭은 흐르는 찬물로 한번 헹궈 주세요. 냄비에 닭을 모두 넣고 물과 미림 3스푼 혹은 소주 3스푼을 넣고 강불로 끓여주세요.
6. 보글보글 끓기 시작하면 닭은 바로 건져내 주시면 된답니다.  기름기 제거와 잡내는 확실히 잡혔겠죠!
7. [안동찜닭 소스 만들기] 조금 전 사용했던 냄비에 물을 모두 버리고 종이컵 4컵 분량의 물과 닭을 넣어주세요.
8. 이어서 베이스 소스인 진간장 13스푼을 넣어주시고요.
9. 황금레시피 필살기인 커피 1스푼을 넣고 10분 정도 강불에서 끓여주세요.  커피는 잔류 잡내 제거에 큰 도움을 주며 색상때문에 넣는 캐러멜소스를 안넣어도 찜닭의 진한 국물 색상을 만들어주기도 한답니다 저는 오늘 두가지 다 준비되어있어 다 넣었어요!
10. 10분 후 설탕 3스푼 넣고 살살 저어 주시며 1분 동안 끓여주세요.
11. 물엿6스푼 도 함께 넣어주세요.
12. 깔끔한 국물맛을 위해 올라오는 거품은 걷어내 주세요.
13. [야채 넣고 끓이기]   이제 야채를 넣어줄 차례!  고추와 대파를 제외하고 손질해 놓은 감자, 당근, 오이, 양파를 넣고 으깨지지 않게 살살 저어 주세요.
14. 다진 마늘 3스푼, 후추 톡 3번,캐러멜 소스 1스푼을 넣고 뚜껑을 닫고 10분간 강불로 끓여주세요.
15. 후추 톡! 3번
16. 캐러멜소스1스푼
17. 손질해 놓은 대파 1/2개, 홍고추 1개 불려놓은 당면 한 줌을 모두 넣어주세요. 그리고 정확히 2분 30초만 끓여주시는 게 최적의 당면 식감을 만드는 포인트라고 하네요.
18. 보는 것만으로도 그때의 맛이 생각나는 식욕 돋게 하는! 찜닭 완성입니다. ^_^
19. 일단 거두절미하고 닭다리 맛부터 볼게요! 적당히 탄력 있는 닭살은 입에 넣고 후릅! 하면 살과 뼈가 분리돼요. 평소 안동찜닭을 좋아하시는 친정 아빠는 맛을 보시더니 파는 것보다 훨씬 맛있다고 A 뿔뿔 뿔! 이다를 외쳐주셨답니다.  엄청 칭찬해 주셨어요 우헤헤헤 험험..
20. 찜닭 맛이 거기서 거기일 수도 있겠지만 어른, 아이 할 것 없이 모두 드시기도 좋고적당한 짭조름한 맛이 어우러진 꽤 괜찮은 레시피였답니다.",3인분,60분 이내,중급
25,돼지고기고추장찌개,https://www.10000recipe.com/recipe/6885185,https://recipe1.ezmember.co.kr/cache/recipe/2018/02/23/6301ea463593d23b0adc8694178ad0aa1_m.jpg,"돼지고기, 감자 2개, 애호박 1/2개, 청양고추 4개, 다진마늘 1큰술, 고추장 2큰술, 양파 1개, 간장 3큰술, 설탕 1큰술, 올리고당 2큰술, 소금 2꼬집, 참기름 2큰술, 고춧가루 1큰술","1. 애호박, 청양고추, 양파, 감자는 먹기 좋게 썰어주세요. 전 고구마를 사용했어요.
2. 돼지고기도 원하는 양만큼 준비하시고 먹기 좋게 썰어주세요.
3. 냄비에 참기름 2큰술과 고추장 2큰술을 넣어 약불에 볶아줍니다.
4. 참기름과 고추장을 잘 볶아준 뒤, 돼지고기와 다진마늘 1큰술을 넣어 조금 더 볶아주세요.
5. 고기에 양념이 잘 버무려지듯 볶아지면, 고춧가루 1큰술도 넣어 같이 볶아주세요.
6. 감자, 청양고추, 양파, 애호박을 넣고, 물 한컵 반을 넣어 졸여주세요.
7. 간장 3큰술, 설탕 1큰술, 올리고당 2큰술, 소금 두꼬집을 넣어 졸여주세요.
8. 야채가 잘 익을때까지 중불과 약불을 번갈아가며 졸여주시면 끝.",2인분,60분 이내,아무나
26,감자채볶음 요리,https://www.10000recipe.com/recipe/4007561,https://recipe1.ezmember.co.kr/cache/recipe/2015/09/03/7b212e9f49ebe4a5fd27507ce388e7d81_m.jpg,"감자(중) 2개, 양파(중) 1개, 당근 약간, 카놀라이유 약간, 통깨 약간, 소금 약간","1. 껍질벗긴 감자는 채를 썰어 소금에 5분정도 절였다 사용합니다.
2. 양파와 당근도 채썰어 준비합니다.
3. 소금에 절였던 감자는 꼬옥짜서 물기를 제거한후 후라이팬에 기름을 약간 두른후 볶아줍니다.
4. 감자를 2~3분가량 볶다가 채썰어논 양파와 당근을 넣어 볶아줍니다.
5. 마지막에 통깨를 넣고 뒤적여내시면 끝.
6. 감자볶음 완성입니다. 마지막에 후추가루를 살짝 뿌려도 좋아요.",2인분,15분 이내,초급
27,편스토랑 김가연 오이탕탕이 상큼한 오이무침 오이요리,https://www.10000recipe.com/recipe/6978562,https://recipe1.ezmember.co.kr/cache/recipe/2022/04/30/6e86cb4eda37b0a80089e3da605af5a71_m.jpg,"오이 3개, 소금 1/2큰술, 설탕 1큰술, 3배 식초 1큰술, 다진마늘 2큰술, 참깨 5큰술","1. 편스토랑 김가연 레시피는 오이 6개로 만들었는데  양이 많아 보여서 반으로 줄인 오이 3개 레시피입니다  먹다 보니 6개로 담았어도 그리 많지 않겠다는  생각이 들 정도로 맛있게 먹었어요  ?  오이는 굵은소금으로 살살 문질러 깨끗하게 씻어줍니다  사진에는 5개지만 3개만 만들었어요  ?
2. 오이 양 끝을 자르고 칼을 눕혀서 오이 가시를 살살 긁어주고  가시를 긁어낸 오이는 껍질을 줄무늬처럼 모양내어 길게 잘라줍니다  ?  저는 깜빡하고 이 과정을 건너뛰었답니다  그래도 맛에는 전혀 이상이 없어요  ?
3. 손질한 오이는 비닐랩에 한 개씩 넣고  칼등이나 조리용 망치로 탕탕 두드려 으깨줍니다  ?  ?
4. 세로로 반을 먼저 두들겨 준 다음 가로로 탕탕 쳐서 크게 조각을 내줍니다  ?
5. 볼에 으깬 오이를 담은 다음 설탕1큰술 소금1/2큰술을 넣어줍니다  ?
6. 3배식초1큰술과 다진마늘2큰술을넣고 버무려줍니다  마늘도 오이처럼 탕탕 쳐서 크게 다진 다음 넣으면 더 맛있다고 하는데  커터기로 조금 굵게 다진 마늘이 있어 그냥 다진 마늘을 사용했어요  ?  참깨는 반은 으깨 넣고 반은 통깨를 그대로 사용하면 됩니다  ?
7. 통깨까지 넣은 다음 가볍게 살살 버무려줍니다  무쳐준 다음 보면 수분이 남게 되는데 버리지 마시고 수저로 떠서 드셔보세요  국물이 아주 새콤하고 상큼하니 맛있답니다  ?  ?
8. 아삭하고 상큼하면서 담백한 오이탕탕이 완성입니다  직접 만들어보니 새콤함과 오이향이 더해져  더운 날씨에 만들어 먹으면 좋을 것 같아요  ?  식초는 꼭 3배 식초를 사용하라 하는데 수분도 덜 생기고  맛은 새콤함을 더해주네요
9. 중국식 오이무침 레시피라고 하는데  우리나라 사람들 입맛에도 아주 잘 어울리네요  ?
10. 밀대로 탕탕 두들겨서 아삭한 식감도 더하고 오이의 향이  업그레이드된 오이무침이네요  한번 먹다 보니 나도 모르게 젓가락이 계속 가더라고요  밥을 다 먹고 난 다음에도 오이탕탕이를 집어먹게 만드는 것 있지요  ?",4인분,10분 이내,초급
28,백종원 오이무침 새콤달콤 맛있게~,https://www.10000recipe.com/recipe/6897261,https://recipe1.ezmember.co.kr/cache/recipe/2018/10/06/b1b388113cd0d3c3c3ce3838f838bfef1_m.jpg,"오이 2개, 양파 1/2개, 고추장 1T, 고춧가루 1T, 설탕 1T, 올리고당 1T, 다진마늘 1/2T, 간장 1T, 식초 1.5T, 참기름 1T, 통깨 1T","1. 오이는 동글동글 모양살려 썰어 소금에 잠시 절여 둡니다
2. 절인다기 보다는 양념 준비하는 동안 잠시 소금에 절인다 생각하면 됩니다
3. 고추장(1T), 고춧가루(1T), 설탕(1T), 올리고당(1T) 다진마늘(1/2T), 간장(1T), 식초(1.5T), 참기름(1T), 통깨(1T) 섞어 양념장 만들어요
4. 물기 꼭 짜 주고
5. 슬라이스한 양파도 넣어요
6. 준비한 양념장 넣고 무쳐 냅니다
7. 새콤달콤 맛있는 오이무침 완성입니다 수분을 꼭 짜고 무친 것이라 꼬들꼬들 아삭함이 좋은 오이무침 입니다 맛있어요 ㅎ",4인분,10분 이내,아무나
29,밥도둑 깻잎김치 만들기 어렵지 않아요^^,https://www.10000recipe.com/recipe/6876121,https://recipe1.ezmember.co.kr/img/icon_vod.png,"간장 10큰술, 액젓 3큰술, 올리고당 2큰술, 매실액 3큰술, 고춧가루 5큰술, 깻잎 80~100장, 양파 1개, 당근 1/2개, 쪽파 5개, 마늘 5알, 깨소금 약간","1. 깻잎을 깨끗이 씻어 물기를 빼놓습니다
2. 쪽파 당근 양파 청홍고추 마늘을 준비해둡니다
3. 양파 /당근 /고추는 채썰고 마늘도 깨줍니다
4. 양념장을 준비합니다 간장 /액젓 /올리고당 /매실 /깨를 넣고 잘 섞어 줍니다
5. 썰어둔 당근 /양파 /쪽파 /청홍고추 를넣고 잘 섞어 줍니다
6. 준비가 끝났네요 ㅎ
7. 반찬 통에다 두장씩두고 양념을 골고루 발라줍니다 한장씩하면 너무 짤수도 있으니 두장씩 하는게 좋아요~~^^
8. 이렇게 깻잎김치 한통 완성! 뜨건밥에 감싸서 한입 먹으면 아주 대박이겠죠!
9. 양념을 살짝 찍어 드셔보시고 짜다고 생각이 들면 당분을 추가하거나 양파를 좀더 썰어 넣으셔도 됩니다",6인분 이상,30분 이내,초급
30,수육 맛있게 삶는법 백종원 레시피로 부드럽게,https://www.10000recipe.com/recipe/6915139,https://recipe1.ezmember.co.kr/cache/recipe/2019/07/02/e619096726a2452b3887e7638ed17ac51_m.jpg,"돼지고기 300g (앞다리살또는삼겹살), 통마늘 8알, 양파 1/2개, 미림 3T, 된장 2T, 월계수잎 3장, 통후추 8알, 대파 1/2대","1. 돼지고기는 물에 담가 약 30분간 핏물을 빼주세요.
2. 육수용으로 준비한 양파,월계수잎,대파,된장,통마늘,통후추,미림을 모두 넣고 물을 팔팔 끓여주세요.
3. 돼지고기는 수육용 앞다리살을 준비해도 좋고 삼겹살을 준비해도 좋아요. 앞다리살은 삼겹살보다 기름기가 적어요. 저는 앞다리를 준비했어요. 빨리 익히기 위해 절반을 잘라주고 시작했는데요 속까지 골고루 잘 익기 위해 한 토막당 칼집을 2-3번 내주세요.
4. 물이 팔팔 끓어오르면 고기를 투하해주세요. 여기서 고기는 껍데기쪽부터 넣어주는게 좋아요. 돼지고기가 물에 잠길정도로 물이 넉넉해야해요.
5. 백종원수육 맛있게 삶는법 포인트는 바로 삶는시간인데요 먼저 물이 고기를 넣고 물이 다시 팔팔 끓어오르면 강불에 20분 중불에 20분 약불에 25분으로 1시간정도 끓여주면 끝이에요. 번거로우면 처음부터 중불에 40분정도 끓여줘도 좋아요. 잡내가 날아가라고 저는 뚜껑을 열고 삶아주었어요.
6. 시간이 지나니 물이 졸아들면서 된장으로 인해 색깔도 예쁘게 물들었죠? 익었는지 안익었는지 확인하는 법은 젓가락으로 고기를 깊숙히 찔러보았을 때 핏물이 나오지 않으면 다 익었다는 증거에요. 보통 1시간이면 속까지 완벽하게 익더라구요
7. 맛있게 익은 수육은 두툼하게 썰어주세요.",4인분,60분 이내,초급
31,【초간단】국민반찬 진미채 볶음 만들기~,https://www.10000recipe.com/recipe/6867849,https://recipe1.ezmember.co.kr/cache/recipe/2017/04/03/4054908fb98f03d40783388c2889f1c81_m.jpg,"진미채 180g, 마요네즈 2T, 고추장 2T, 고춧가루 1T, 간장 1.5T, 다진마늘 1/2T, 참기름 1T, 설탕 1T, 올리고당 1.5T, 깨소금 0.5T","1. 진미채는 물에 두번 씻어서 물기를 빼주세요
2. 마요네즈 2스푼정도 넣고 (저는 한번에 듬뿍 ~)
3. 버무려서 잠시 두고
4. 양념장:간장1.5스푼,고추장두스푼,고춧가루한스푼,설탕한스푼,다진마늘반스푼,참기름한스푼넣고 섞어서
5. 기름 살짝 두른팬에 양념장을 넣고 물4스푼정도 넣어 한번 끓여 주세요(약불)
6. 끓어 오르면 진미채를 넣고 볶아주세요~
7. 양념을 뭍힌다는 생각으로 후다닥 볶아서
8. 마지막으로 올리고당 1.5스푼 넣고 깨소금 뿌리면 끝이에욤^~^",6인분 이상,15분 이내,아무나
32,"마지막 한 젓가락까지 바삭하고 고소한 간장 멸치볶음(아이밑반찬,간단반찬)멸치볶음",https://www.10000recipe.com/recipe/6891816,https://recipe1.ezmember.co.kr/cache/recipe/2018/07/02/760e92406112f6a0ad98d84844cbfc7e1_m.jpg,"잔멸치 300cc 1국그릇 , 오일 3스푼, 간장 1스푼, 맛술 1스푼, 올리고당 3스푼, 설탕 1티스푼, 참기름 1스푼, 깨소금 1스푼","1. 잔멸치 국그릇1이예요 대량으로 구매를 해서 몇 그람 정도인지 몰라서 비커에 넣어 봤어요ㅋ 300cc네요
2. 멸치 비린내를 없애기 위해서 볶음팬에 아무것도 없이 멸치만 넣고 중간불에 볶아주세요
3. 멸치가 약간 노릇노릇하게 되었을때 오일을 3T 넣고 볶아주세요 저는 카놀라유를 사용했어요 약간의 기포가 생길때 불을 끄고
4. 맛술1T,간장1T를 넣고 골고루 섞어주세요
5. 올리고당 3T와 설탕 티스푼1T 넣고 약불에서 아주 잠깐만(3초~5초) 골고루 볶아주세요(달게 드시지 않으시면 설탕은 생략하셔도 됩니다)
6. 다시 불을 끄고 참기름1
7. 깨소금1T
8. 골고루 섞어주면 완성입니다",4인분,10분 이내,아무나
33,꽈리고추멸치볶음 밑반찬 만들기,https://www.10000recipe.com/recipe/6875568,https://recipe1.ezmember.co.kr/cache/recipe/2017/08/29/a4c3aeef99d1bb75ebaaa373d5796f0a1_m.jpg,"꽈리고추 470g, 멸치 2주먹, 간장 4, 올리고당 2, 설탕 2, 다진마늘 1/2, 맛술 2, 참기름, 통깨","1. 멸치는 냉동실에 있던 거라서 팬에 재빨리 볶아서 비린내를 날려주세요.
2. 작은 멸치라서 따로 손질은 안 했지만.... 손질하면 더 좋겠죠? 볶은 멸치는 팬에서 꺼내 놓아주세요.
3. 간장 4, 올리고당2, 설탕2, 다진마늘1/2, 맛술2, 참기름1/2 의 비율로 넣었는데  단것을 좋아하나? 하시겠죠? 올리고당과 설탕을 2큰술씩 넣었으니까요. ^^ 꽈리고추인데 너무 매운거예요. ㅠ.ㅠ청양고추급의 꽈리고추였어요. 그래서 어쩔 수 없이 단맛이 많이 들어갔어요. 맵지 않으면 단맛은 조절하셔야겠죠.
4. 일단 양념장은 이렇게 만들었어요. 밑에 설탕이 가라앉아 있으니 잘 저어주세요.
5. 꽈리고추는 씻어서 큰 것은 절반씩 잘라줬어요.  자르는데도 매운 냄새가 코를 찌르더라고요. ㅠ.ㅠ 물에 10분 담갔는데도 맵....
6. 아까 멸치 볶았던 팬에 꽈리고추를 넣고 양념장을 부어서 고추에 스며들게 볶아요.
7. 꽈리고추에 양념이 스며들면 볶았던 멸치를 넣고 섞어줍니다.
8. 마지막으로 참기름 1큰술과 통깨를 뿌려주면 꽈리고추멸치볶음으로 밑반찬이 완성되었어요.",4인분,15분 이내,초급
34,감자요리 - 백종원 감자짜글이,https://www.10000recipe.com/recipe/6891652,https://recipe1.ezmember.co.kr/cache/recipe/2018/06/28/aafe715cb61dcd794662060f4cc618391_m.jpg,"스팸 1캔 (작은 사이즈), 감자 작은 거 3개, 양파 1/2개, 청양고추 2개, 대파 1/3대, 물 2컵, 고춧가루 2스푼, 고추장 1스푼, 다진 마늘 1스푼, 맛술 1스푼, 간장 3스푼, 설탕 1스푼, 된장 0.3스푼","1. 감자는 껍질을 벗겨 굵게 채 썰어주고 청양고추 2개, 대파 1/3대는 송송 썰어 준비하고 양파 1/2는 채 썰어 주세요.
2. 스팸은 비닐봉지에 넣어 손으로 주물러 으깨 준비합니다. 이때 너무 잘게 으깨지 말고 덩어리지게 으깨 줍니다.
3. 냄비에 감자, 스팸, 양파를 모두 넣고 양념 재료인 고춧가루 2, 고추장 1, 간장 3, 다진 마늘 1, 맛술 1, 된장 0.3, 설탕 1 그리고 물 2컵을 부어주세요.
4. 센 불에서 끓이기 시작하다 불을 줄이고 10~15분 정도 끓여주세요.
5. 감자가 다 익고 국물이 걸쭉해지면 대파, 청양고추를 넣고 한소끔 더 끓여 마무리합니다.
6. 백종원 감자짜글이 완성 ^^",3인분,60분 이내,아무나
35,요리초보도 실패없는 백종원 오이소박이,https://www.10000recipe.com/recipe/6896175,https://recipe1.ezmember.co.kr/cache/recipe/2018/09/19/6ecd78db5f3f2623bbf73db9af871eb81_m.jpg,"오이 4개, 양파 1개, 당근 1/3개, 부추 1줌, 물 800ml, 소금 4T, 멸치액젓 2T, 새우젓 1/3T, 고추가루 4T, 다진마늘 1T, 설탕 1T","1. 먼저 굵은 소금으로 깨끗이 씻은 오이는 한개당 4등분으로 잘라 주세요. 오이 아래쪽에 약 1cm정도 여유를 두고 십자 모양으로 잘라줍니다.
2. 물 800ml에 굵은 소금4스푼을 넣고 센불에서 팔팔 끓여 줍니다. 백주부님의 아삭한 오이소박이 비법은 바로 이 뜨거운 소금물을 사용하는 거랍니다
3. 오이에 팔팔 끓은 소금물을 부어 약 30분 정도 절여 주세요. 이렇게 뜨거운 물을 부어주면 오이가 아삭하답니다.절이면서 한두번 뒤적뒤적 해주세요.
4. 오이가 절여지는 동안 부추,양파,당근을 썰어주세요.
5. 멸치액젓2스푼,새우젓1/3스푼,고추가루4스푼,다진마늘1스푼,설탕1스푼을 섞어 양념장을 만들어 주시구요. 손질한 부추,양파,당근을 넣고 가볍게 버무려 줍니다
6. 절여진 오이는 체에 받쳐 물기를 제거해 준 뒤 방금 만든 양념장을 오이속으로 적당히 넣어주시면 끝입니다
7. 요리초보도 실패없는 아삭한 백주부님 오이소박이 완성입니다
8. 한개 먹어보니 아삭한 식감에 간도 딱 맞아서 맛있네요. 입맛 없을때 밥에 물 말아 같이 먹음 없던 입맛도 돌아옵니다^^",4인분,60분 이내,초급
36,"식당에서 먹던 맛과 비주얼 그대로, 폭탄 계란찜 만드는 법",https://www.10000recipe.com/recipe/6872350,https://recipe1.ezmember.co.kr/cache/recipe/2017/07/06/c807784ab41809f624a6a4a7466cd5bd1_m.jpg,"계란 3개, 소금 1/3큰술, 설탕 1/3큰술, 대파 적당량 (또는 쪽파), 통깨 적당량, 참기름 1큰술, 물 100ml","1. 폭탄계란찜을 만들기 전 재료부터 준비해줍니다. 계란 3개, 참기름 1 큰 술, 소금 1/3 큰 술, 설탕 1/3 큰 술, 대파 또는 쪽파 약간, 통깨 조금, 물 100ml
2. 작은 뚝배기에 계란 3개를 깨뜨려 넣은 뒤 거품기로 계란을 풀어줍니다
3. 설탕 1/3 큰 술, 소금 1/3 큰 술을 넣고 한 번 더 거품기로 잘 섞어주기!
4. 그리고 나서 물 100ml를 넣어주고 또 한 번 거품기로 휘리릭 ~
5. 뚝배기를 가스레인지에 올린 뒤 계란이 몽글몽글 익을 때까지 젓가락으로 저어줍니다. 중불입니다.
6. 이렇게 계란이 몽글몽글해지면,
7. 송송 썰어둔 쪽파를 투척한 뒤 뚜껑을 닫고 4-5분가량 익혀주세요.
8. 4-5분 후 뚜껑을 열어보면, 아주 먹음직스럽게 부풀어 오른 계란찜을 만나볼 수 있다는!!! +_+
9. 부풀어 오른 계란찜 위에 적당량의 통깨와 참기름을 뿌려주면 폭탄 계란찜 만드는 법은 이렇게 간단하게 끝이 나요!
10. 계란찜 만들기가 이렇게 쉬운 거였나 싶을 정도로 넘나 쉬웠던 폭탄 계란찜 만들기 ♥
11. 뜨거운 계란찜을 한 숟가락 퍼서 맛을 보니, 대박 ㅠㅠㅠㅠㅠㅠㅠㅠ 이거 진짜 식당에서 먹던 바로 그 계란찜 맛이네요 ㅎㅎㅎ 역시 백주부님 레시피는 진짜?최고 최고?♪",2인분,15분 이내,초급
37,"백종원 감자탕 레시피, 생각보다 너무 쉽고 맛있어요",https://www.10000recipe.com/recipe/6873935,https://recipe1.ezmember.co.kr/cache/recipe/2017/08/02/85d454a30f1eed0592d7684d9bd4e1c91_m.jpg,"돼지등뼈 1.3kg, 감자 2개, 무청 1줌, 대파 1대, 깻잎 약간, 물 적당량, 고추장 1큰술, 된장 1큰술, 고춧가루 3큰술, 다진마늘 1큰술, 국간장 1/2컵, 액젓 3큰술, 들깨가루 4~5큰술","1. 돼지등뼈는 핏물을 어느정도 제거해주어야 하는데요 물안에 푹 담궈놓고 두번정도 물갈이 해주고 2시간정도 담궈놨어요
2. 핏물이 어느정도 제거된다음 한번 팔팔 끓여주어야해요 끓는물에 등뼈를 넣어서 한번 푹 삶아주세요
3. 무청도 한팩사왔는데 양이 많아서 반정도만 사용했어요 팩에 들어있는 무청은 한번 씻어주고 살짝 잘라주었어요
4. 감자도 먹기 좋게 잘라서 준비해주었어요
5. 어느정도 삶아낸 등뼈는 고기만 따로 건져내주시구요
6. 등뼈를 냄비에 넣고 잠길정도로 물을 넣어주었어요
7. 그리고 감자를 넣어주고 나머지 양념을 바로 넣어주세요 된장 1큰술, 고추장 1큰술, 다진마늘 1큰술, 고춧가루 3큰술, 국간장 1/2컵, 액젓 3큰술 을 먼저 넣어주었구요
8. 대파도 큼직하게 잘라서 넣어주고
9. 무청도 위쪽에 수북이 얹어주었어요
10. 그리고 들깨가루도 넉넉히 5큰술 정도 넣어주고 팔팔 끓여주세요 백종원님이 이 들깨가루가 충분히 들어가야 밖에서 사먹는 감자탕맛이 난다고 하시더라구요 ㅎㅎ
11. 팔팔 끓이는 중!! 간은 보시면서 쎄다싶으시면 물을 더 넣어주시면 되요
12. 마지막에 깻잎도 좀 넣어주고 마무리 ~",3인분,2시간 이상,초급
38,부대찌개 황금레시피 만드는법,https://www.10000recipe.com/recipe/6842041,https://recipe1.ezmember.co.kr/cache/recipe/2016/01/24/b2b0b2d77164f77489c07c68aa112f741_m.jpg,"길쭉이 햄 6줄, 통조림 햄 작은사이즈 1/2통, 돈다짐육 1줌 (or 베이컨이나 대패삼겹살), 김치 1줌, 양파 1/2개, 대파 1-2대, 다진마늘 듬뿍, 체다치즈 1장, 사골국물 1팩, 고추가루 2T, 고추장 1T, 진간장 2T, 맛술 1T, 후추 약간","1. 길쭉이 햄과 통조림 햄은 적당한 크기로 잘라서 준비해주세요
2. 대파와 양파도 비슷하게 채썰어 준비해주시는데요, 햄 특유의 느끼한 맛을 잡아주기위해 대파와 양파는 듬뿍 넣어주는게 좋아요
3. 준비한 재료를 끓일 냄비에 차곡차곡 담아주고
4. 돈다짐육 한줌과 송송 썬 김치도 한줌 넣어줍니다
5. 사골곰탕국물 한팩을 넣어주는데요
6. 한팩으로 모자란 육수는 물로 채워 재료들이 잠길랑말랑 할 정도로 넣어주시면 될 것 같아요
7. 분량의 양념을 모두 넣어 만든 양념장도
8. 냄비에 넣어 끓여주시면 된답니다
9. 육수가 끓기시작하면 다진마늘을 듬뿍 국자에 떠서 양념과 재료들이 잘 섞이도록 저으며 끓여주시구요
10. 마지막 노랑 체다치즈도 한장 넣어준 후 부족한 간은 소금으로 해주시면 완성!",2인분,30분 이내,아무나
39,백종원 순두부찌개 끓이는법 얼큰하니 좋다 ~,https://www.10000recipe.com/recipe/6881430,https://recipe1.ezmember.co.kr/cache/recipe/2017/12/27/edd739fdab97c72b3a2bf9cd812daf671_m.jpg,"다짐육 1컵, 대파 1컵, 다진양파 2컵, 바지락 1컵, 순두부 1봉, 계란 1개, 청양고추 1개, 쪽파 약간, 고춧가루 1.5컵 , 식용유&참기름 섞어서 1/2컵, 국간장&진간장 섞어서 1/2컵, 물 2/3컵, 다진마늘 1/2컵, 굵은소금 1큰술, 설탕 1.5큰술 , 후추 약간","1. 재료는 분량대로 준비해주세요 ~ 모든 재료는 종이컵 분량이예요 :)
2. 냄비에 식용유와 참기름을 섞어서 1/2컵 넣어주시고 썰어둔 대파를 넣어서 파기름을 만들어주세요
3. 파기름을 만들어주고 나서 다짐육 1컵을 넣고 고기가 서로 들러붙지 않게 볶아주세요
4. 다짐육이 다 익으면 미리 다져서 준비해둔 양파 2컵 분량을 몽땅 넣고 양파의 수분이 날아갈때까지 볶아주시면 되요
5. 그리고 고춧가루 1컵반, 다진마늘 1/2컵, 굵은소금 1큰술, 설탕 1큰술반을 넣어주세요 고춧가루만 넣어서 퍽퍽함이 느껴질때쯤 국간장과 진간장 반씩 섞어서 1/2컵을 넣고 질퍽해질때까지 볶아주시면 양념장은 완성이예요 ~
6. 질퍽한 느낌 가득한 양념장이 완성 ~ 양념장을 다 만들었으니 이제 본격적으로 순두부찌개 만들어봐야겠쥬 ? 양념장은 만들어서 바로 드시는것보다 냉동실에 잠깐 넣어두었다가 드시는게 더 맛있게 드실수 있는 방법이라니 참고하세요 저도 만들어서 바로 해먹을 분량만큼은 냉동실에 잠깐 넣어뒀다 해먹었어요
7. 전 2인분정도의 양이 나오는 작은 뚝배기를 사용했어요 우선 물을 넣어주시면 되는데요 ~ 저는 종이컵으로 2/3컵 넣어주었어요 백종원님이 물은 적다 싶을 정도로 조금만 넣어주시는게 좋다고 하셨는데요 물과 양념의 양은 본인의 입맛에 맞게 조절하시면서 넣으시면 될것같아요~
8. 그리고 해감해둔 바지락을 넣고 냉동실에 넣어두었던 양념을 2큰술 크게 떠서 넣어주세요 바지락은 안넣으셔도 상관없어요 ~
9. 그리고 순두부를 반으로 잘라 넣어준뒤에  수저로 뚝뚝 썰어주세요
10. 보글보글 끓어오르기 시작하면서 고추기름이 둥둥 떠오를때 계란과 쪽파, 좀 더 얼큰한걸 원하시면 청양고추까지 ~ 넣어주시면 되요
11. 양념만드는데서 시간이 좀 들긴 했는데 만들어두면 정말 뚝딱 완성되는 백종원 순두부찌개 ~ 청양고추까지 넣어줬더니 더욱 얼큰하니 좋더라구요 둘이서 한뚝배기 탈탈 털어먹었..ㅋㅋㅋ",2인분,30분 이내,아무나
40,바삭바삭 부추전 만드는법,https://www.10000recipe.com/recipe/6846066,https://recipe1.ezmember.co.kr/cache/recipe/2016/04/07/8a59ab1bc13a4a72ab38d2026af128851_m.jpg,"부추 (500원 동전 굵기 정도), 당근 1토막 (5cm), 양파 1/2개, 청양고추 2개, 부침가루 1컵, 찬물 2/3컵, 카놀라유 약간","1. 채소들은 비슷한 길이로 채 썰어줍니다.
2. 부침가루에 찬물을 부어 잘 섞은 후
3. 준비한 채소를 넣고 버무려줍니다. 보이는 것과 같이 반죽 양의 농도는 약간 뻑뻑할 정도로 흐르지 않게 했어요.
4. 팬에 기름을 넉넉히 두르고 반죽을 넣고
5. 앞뒤로 노릇하게 부쳐줍니다.
6. 요즘 모든 거의 음식에 당근화를 실천하고 있어서 당근은 기본이고 양파와 청양고추도 넣고 반죽은 뻑뻑하다 싶을 정도로 해서 바삭함을 살려봤어요. 전은 다 좋은데 먹고나면 소화가 잘 안되서 밀가루 양을 줄였더니 부담없고 좋더라고요. 부추가 기름에 튀겨지면서 아주 바삭함이 좋더라고요 아마 반죽이 많았다면 바삭함은 없고 축 처지는 전이 되었을거에요. 부추전이 바삭할때 ?간장에 콕 찍어 먹었더니 바샤샥 소리와 함께 고소한 맛이 참 좋더라고요.",2인분,10분 이내,아무나
41,잔치국수 양념장 황금레시피 이렇게~,https://www.10000recipe.com/recipe/6836180,https://recipe1.ezmember.co.kr/cache/recipe/2015/10/14/434379c503e37e6964324965a79d3a101_m.jpg,"국수, 호박, 당근, 계란, 김가루, 김치 (익은것), 국물용멸치 1줌, 무, 대파, 양파 1/2개, 다시마 2장 (5x5), 국간장 1스푼, 물 1400ml, 간장 4스푼, 고추가루 1스푼, 매실액 1스푼, 참기름 1스푼, 깨 1스푼, 다진고추 1스푼, 다진대파 1스푼, 다진마늘 1/2스푼","1. 멸치 한줌과 다시마 5센티정도로 두장 , 양파 반개 , 대파 두조각 , 무우 반조각을 함께 넣어 우려줬어요. 멸치랑 다시마로만 우려내셔도 괜찮으신데요. 무우랑 대파랑 양파가 들어가면 육수맛이 더 좋아져요. 시원함도 생기구요.?
2. 센불에 물이 끓어오르면 다시마를 꺼내주신 다음 15분~20분간 중불로 더 끓여주세요. 그리고 국간장 1스푼넣어 간을 해주세요. 1400ml 넣었을때 딱 1스푼이 딱이더라구요.
3. 당근과 , 호박을 채썰어 후라이팬에 살짝 볶아주세요. 전 살짝 소금간도 해줬네요.
4. 계란 1개를 골고루 풀어 약불로 후라이팬에서 익혀주세요. 흰자 , 노른자 따로 해주셔도 상관없으세요. 전 섞어서 길게 지단을 준비해주었어요. 취향에 맞춰 만들어주시면 되세요.
5. 양념장을 만들어주세요. 간장 4스푼 , 고추가루 1스푼 , 다진고추 1스푼 , 다진마늘 0.5스푼 , 다진대파 1스푼 , 매실액 1스푼 , 참기름 1스푼 , 깨 1스푼을 넣어 만들었어요요. 양념장도 사람들마다 만드는게 틀리다죠. 요렇게 들어간 것이 제 입맛에 딱 맞는 양념장 황금레시피 에요. 혹 부족한 것은 입맛에 맞춰서 조절해주시면 되시구요.
6. 끓는 물에 국수를 삶아 주세요. 500원 동전만한 양이 1인분이라니 분량에 맞춰 주시면 되세요. 끓어오를때 넘치는데요 그럴때 찬물을 조금씩 넣어주면서 삶으시면 면이 쫄깃해져요. 넘쳐흐르지도 않고 딱 좋죠. 보통 국수봉지엔 4분 삶으라고 나와있던데요. 요렇게 찬물을 조금씩 부어주면서 삶다보면 6분정도가 딱 잘맞게 익는 것 같아요.
7. 삶은 국수는 찬물에 헤우거주세요. 면발이 더욱 더 쫄깃 탱탱해지도록 말이에요. 체에 받쳐 물기도 좀 빼주구요.
8. 면을 제일 먼저 담고 고명을 올려준 다음 육수를 담아주시면 완성이에요.",2인분,30분 이내,초급
42,"[찌개요리]된장찌개 맛있게 끓이는법,된장찌개 만드는법",https://www.10000recipe.com/recipe/6850626,https://recipe1.ezmember.co.kr/cache/recipe/2016/06/08/24c312f82313faaf1e4d5ef98761efcb1_m.jpg,"두부 1/2모, 양파 1/2개, 감자 1/2개, 호박 1/3개, 대파 1/2개, 청양고추 2개, 된장 2스푼, 마늘 1/2스푼, 물 6컵, 다시마, 멸치","1. 재료:두부1/2모,양파1/2개,감자1/2개,호박1/3개,대파1/2개,청양고추2개 된장2스푼,마늘1/2스푼,물6컵,다시마,멸치등 (2인분기준으로조리했으며 계랑은 밥숟가락과 종이컵입니다)
2. 우선 냄비에 물을 6컵을 넣고 다시다나 멸치등 있는재료를 이용해서 육수를 내줍니다. (15분정도 끓여주었어요) 물은 종이컵으로 6컵을 해도, 끓이는동안 증발이 되서 실제로는 4컵이나5컵정도의 양이 됩니다^^
3. 두부1/2모,양파1/2개,감자1/2개,호박1/3개,대파1/2개,청양고추2개를 먹기 좋은 크기로 잘라서 준비합니다.
4. 역시 된장찌개는 뚝배기에 해서 먹어야 제맛이죠 멸치육수낸물에 된장을 2스푼을 풀어서 넣어줍니다. 고추장과 달리 된장은 가정에서 쓰시는 된장에 따라서 맛과 간이 틀리니 꼭 처음에는 된장을 1스푼정도만 넣고 끓이다가 간을 맞추어주세요.
5. 감자를 먼저 넣어줍니다. 감자를 넣고 2분정도 더끓여주면!
6. 양파와 호박을 넣어주세요.
7. 그리고 마늘1/2스푼을 넣고,
8. 청양고추와 대파를 넣어서 조금더 끓여줍니다. 여기서 간을 한번더 봐주신후 부족하다싶으면 된장을 더 풀어주면 됩니다. 물론 짜다면 육수를 더넣으시면 되구요^^
9. ?불을 끄기전 두부를 넣고,
10. 고추가루 1/2스푼을 넣고 30초만 더끓여주면!!
11. 보글보글 된장찌개 완성입니다!!! 뭐 사실 재료에 순서없이 다넣고 한꺼번에 호로록 끓여도 된다지요! ㅎㅎㅎ",2인분,30분 이내,아무나
43,"소고기 장조림 황금레시피, 두고두고 먹는 밑반찬 만들기!",https://www.10000recipe.com/recipe/6869801,https://recipe1.ezmember.co.kr/img/icon_vod.png,"소고기 300g (기름기 없는 홍두깨살 or 우둔살), 통마늘 8개, 생강, 건고추 3개, 다시마 약간, 대파 1/2쪽, 표고버섯 2개, 간장 1/2컵, 설탕 1/4컵, 술 1/4컵, 후추 약간, 물 2컵","1. 끓는물에 고기를 넣고 3~10분 정도 삶아준다.
2. 삶아진 고기는 찬물에 헹궈준다.
3. 종이컵 계량으로 간장 1/2컵, 설탕 1/4컵, 술 1/4컵, 후추,물 2컵을 넣어준다.
4. 통마늘을 넣고 생강, 대파를 차례로 썰어 넣어준다.
5. 마른 고추와 다시마, 표고버섯을 넣고 끓여준다.
6. 고기가 충분히 익을 수 있게 끓여준다.",2인분,30분 이내,아무나
44,"양파장아찌 만들기, 비율만 알면 어렵지 않아요 ~",https://www.10000recipe.com/recipe/6875654,https://recipe1.ezmember.co.kr/cache/recipe/2017/08/31/e6d85b59e520566c98d65fe8fb87d7791_m.jpg,"양파 2개, 물 1컵, 설탕 1/2컵, 식초 1/2컵, 간장 1/2컵","1. 양파를 더 많이 사용하실 경우 양념의 양도 좀 더 늘려주시면 되겠쥬 ~
2. 물 2 : 간장 1 : 식초 1 : 설탕1 의 비율로 맞춰주시면 된답니다
3. 모든 양념은 냄비에 한번에 넣어 팔팔 끓여주세요 ~
4. 양념이 끓어오르는 동안 양파를 먹기 좋은 크기로 잘라서 유리그릇이나 병에 넣어 준비해주세요 :)
5. 양념장이 팔팔 끓어오르면 이제 양파장아찌 만드는건 거의 끝난거나 마찬가지예요 ~
6. 끓어오른 양념을 준비해두었던 양파에 부어 주시면 되는데요 ~ 뜨거울때 부어주셔야 양파가 아삭하니 더 맛있답니다
7. 요렇게 양념을 부어주고 바로 드시는것보다 하루 정도는 냉장고에 두셨다가 다음날 먹어야 양념이 간간히 베어서 더욱 맛있어요 ~",4인분,15분 이내,아무나
45,고등어무조림,https://www.10000recipe.com/recipe/3568149,https://recipe1.ezmember.co.kr/cache/recipe/2015/05/27/d776a52f6fda01bb6ed1d4bdfb7821ce1_m.jpg,"고등어 1마리, 무 500g, 대파 1뿌리, 물 300ml, 진간장 4큰술, 고추장 2큰술, 고춧가루 1큰술, 매실액 2큰술, 맛술 2큰술, 올리고당 1큰술, 다진 마늘 1작은술, 후춧가루 약간","1. 무와 대파는 흐르는 물에 씻은 후 무는 도톰하게 반달 썰어 주고 대파는 어슷 썰어 줍니다.
2. 고등어는 흐르는 물에 깨끗하게 씻어 줍니다.
3. 분량의 양념장 재료 진간장, 고추장, 고춧가루, 매실액, 맛술, 올리고당, 다진 마늘, 후춧가루를 넣어 고루 섞어서 양념장을 만들어 줍니다.
4. 냄비 바닥에 무를 깔고 씻어 놓은 고등어를 올린 후 대파를 얹어 주고 양념장을 끼얹어 준 다음 물을 부어 줍니다.
5. 가스 불에 올려 센 불에서 끓여 주다가 한소끔 끓으면 불을 줄이고 간이 고루 배도록 중간 중간 양념장을 끼얹어 주면서 조려 줍니다.",2인분,30분 이내,초급
46,"메추리알 장조림, 간단한 밑반찬으로 이만한게 없쥬?",https://www.10000recipe.com/recipe/6871949,https://recipe1.ezmember.co.kr/cache/recipe/2017/06/29/82da685d18b957e40ba67fef4c2ffa261_m.jpg,"메추리알 270g, 물 1/2컵, 간장 6큰술, 설탕 2큰술, 올리고당 2큰술, 미림 2큰술","1. 시간이 없다보니 깐 메추리알을 이용했어요 그냥 메추리알을 사서 삶고 껍질까서 사용하면 좋겠지만 깐거 한번 사용하기 시작하니깐 삶고 껍질까는게 엄청 귀찮더라구요 ㅎㅎ
2. 깐 메추리알은 채에 받쳐서 여버런 깨끗이 씻어서 준비해주세요
3. 그리고 냄비에 메추리알과 분량의 양념을 넣어주시면 되는데요 물은 머그컵으로 반정도 넣어주고 간장, 설탕, 미림, 올리고당등을 넣어주세요 꽈리고추나 마늘을 같이 넣어서 졸여주셔도 맛있답니다 그리고 좀 싱겁게 드시고 싶으신 분들은 간장의 양을 조절주시고 단맛을 조절하시고 싶은 분들은 설탕이나 올리고당 양을 조절해주세요
4. 분량의 양념들을 다 넣었으면 센불로 한번 팔팔 ~ 끓여주시구요 끓기 시작하면 중불로 줄여서 국물이 거의 없어질 정도로 졸여주시면 되요
5. 색이 곱게 입혀지기 시작하죠?ㅋ 전에 전자렌지로 장조림 만드는 법을 포스팅한적이 있었는데 전자렌지로도 간단하게 만들수는 있지만 이렇게 색은 잘 안입혀지더라구요 ~ 그래서 살짝 덜 맛있어 보인다는 단점이..ㅠ
6. 바글바글 ~ 졸여주시면 국물이 거의 안남았을쯤에 이렇게 양옆으로 거품이 보글보글 올라오기 시작해요 그러면 그때, 불을 꺼주시면 된답니다",4인분,30분 이내,아무나
47,매콤 돼지갈비찜,https://www.10000recipe.com/recipe/6910133,https://recipe1.ezmember.co.kr/img/icon_vod.png,"돼지갈비 900g, 감자 1개, 양파 1개, 대파 1대, 진간장 7T, 간마늘 2T, 고추가루 4T, 고추장 4T, 올리고당 1T, 설탕 2T, 참기름 2T, 후추 1/2T, 물","1. 재료를 준비해주세요
2. 돼지고기를 물에 담궈 핏물을 빼줍니다
3. 대파,양파,청양고추를 큼직하게 썰어줍니다
4. 고추장,고추가루,간장,다진마늘,설탕,올리고당,후추,참기름을 넣고 잘 섞어줍니다
5. 핏기를 뺀 돼지고기를 끓는물에 5분정도 삶아주세요
6. 삶은 돼지갈비를 채에 받친 후 물로 씻어주세요
7. 냄비에 삶은 돼지갈비,양념장,청양고추를 넣은 다음 돼지갈비가 푹 잠기게 물을 넣어주세요
8. 센불에서 물이 팔팔 끓을때까지 두신 후 팔팔 끓기 시작하면 뚜껑을 덮고 중불에서 20분간 끓여주세요
9. 뚜껑을 열고 감자를 넣고 10분간 삶아주세요
10. 대파와 양파를 넣고 5~10분정도 더 삶아주세요
11. 물이 적당히 쫄아 들면 완성입니다",2인분,90분 이내,아무나
48,"순두부찌개. 바지락, 고기 없이도 기가 막힌 순두부찌개 만드는 법 / 만들기 / 순두부찌개 황금 레시피",https://www.10000recipe.com/recipe/6912220,https://recipe1.ezmember.co.kr/img/icon_vod.png,"순두부, 대파 1/4개, 양파 1/4개, 애호박 1/4개, 청양고추 1개, 달걀 1개, 참기름 1큰술, 식용유 2큰술, 고추가루 1.5큰술 , 소금 1/2큰술, 설탕 1꼬집, 굴소스 1큰술, 간장 1큰술, 다진 마늘 1큰술, 멸치육수","1. 제일 먼저 멸치 육수를 끓여주세요. 멸치외에 있으면 표고버섯 약간, 다시마 약간 넣고 끓이면 되는데 없으면 멸치만 넣고 그냥 끓여도 됩니다.  ?  그 다음은 채소를 손질해야겠죠. 대파 1/4과 양파 1/4을 잘게 썰어주시고요.
2. 매콤한걸 좋아하시는분은 청양고추 하나 어슷하게 썰어주시고
3. 호박 1/4은 반달 모양으로 썰어주세요.
4. 재료손질은 벌써 끝났네요. 다음은 준비한 뚝배기나 냄비에 참기름 1큰술,  식용유 2큰술을 넣어주세요.
5. 그리고 준비한 양파, 대파를 넣고 볶아주세요.
6. 그리고 고추가루 1큰술 반을 넣고 고추기름을 만들어줍니다. 매운걸 못드시는 분은 한큰술만 넣으세요.
7. 고추기름을 만들었으면 소금 반큰술, 설탕 한꼬집을 넣어주세요. 설탕은 안넣으셔도 되긴 한데 보통 식당에서는 넣죠.
8. 그 다음엔 굴소스 1큰술, 간장 1큰술을 넣고 저어서 섞어주세요.
9. 그 다음은 멸치육수를 부어주세요. 준비된 냄비에 반 정도를 채워주세요. 너무 많이 부으면 순두부 넣을때 넘칩니다.
10. 자 이제 팔팔 끓여줍니다. 끓기 시작하면 호박과 고추를 넣고, 다진마늘도 한큰술 넣어주세요~
11. 그 다음은 순두부를 넣어줍니다.
12. 마지막으로 달걀과 파를 넣어 마무리 해줍니다.
13. 제눈에는 엄청 맛있어 보이는데 어떠세요?  사실 순두부찌개의 맛을 좌우하는 바지락이나 돼지고기 없이 맛을 내려면 쉽지 않은데요. 제가 생각하는 포인트는 바지락이나 돼지고기가 없으면 굴소스 정도는 꼭 들어가야 하고, 멸치육수도 필요합니다. 그리고 간이 적당히 맞아야 합니다.",1인분,30분 이내,아무나
49,삼계탕 끓이는 법,https://www.10000recipe.com/recipe/6893839,https://recipe1.ezmember.co.kr/img/icon_vod.png,"닭 650g (두 마리), 삼계탕용 팩 1개, 황기 1팩, 마늘 1주먹, 파 1/2대, 양파 1/2개, 찹쌀 8큰술 (2시간 불림), 생강 1/2개, 소금 1/2큰술, 후추 1/2큰술, 고춧가루 2큰술, 뜨거운 물 100ml, 간장 4큰술, 닭육수 4큰술 (물ok), 식초 1큰술, 설탕 1/2큰술, 연겨자 조금, 양파 1/2개, 양배추 조금","1. 여름 몸보신의 기본 삼계탕 입니다^^
2. 깨끗하게 씻어 준 닭을 손질해 볼께요~ 닭 엉덩이 살과 날깨 끝을 제거해주세요 지방이 많아 냄새가 날 수 있어요 저는 닭목을 먹지 않아 함께 제거해줬어요
3. 찹쌀과 마늘 그리고 생강을 닭 안에 넣고  닭다리를 꼬아 내용물이 쏟아지지 않게 해주세요~  *자세한 닭다리 꼬기는 영상에 올려두었답니다^^
4. 삼계탕용 팩과 황기, 마늘, 파 양파를 넣고 먼저 끓여주세요~
5. 우르르 끓어 오르면 닭을 넣고  센불에서 10분 뚜껑을 열고 끓이다가 뚜껑을 닫고 중불에서 40분, 다시 약불에서 20분 끓여줍니다 총 1시간 10분정도 끓여주었어요~!
6. 삼계탕을 끓이는 사이 소스를 만들어 볼게요~ 소금 후추 만으로도 휼륭하지만,  가끔은 조금 특별한게 먹고 싶잖아요~  **백종원의 닭한마리 소스를 참고 했습니다~
7. 야들야들한 닭고기~!!  여름 몸보신으로 딱 이죠~^^",2인분,90분 이내,초급
50,오이 소박이 무침 황금 레시피/오이 김치 담그는 법/오이 부추 무침,https://www.10000recipe.com/recipe/6881934,https://recipe1.ezmember.co.kr/cache/recipe/2018/01/08/1d1056ca6d99e84dd84e97f36dd0ad841_m.jpg,"오이 10개, 굵은소금 12T (손질/절임용), 부추 1/2단, 양파 1개, 물 12컵, 굵은고춧가루 1종이컵, 다진마늘 1/2종이컵, 굵은소금 2T, 설탕 2T, 멸치액젓 4T, 다진생강 2t","1. 오이는 소금(6큰술)로 겉을 충분히 문질러 씻은 후 행궈주세요
2. 양끝을 잘라낸 후 3~4토막 내주세요
3. 오이 토막은 밑부분 1.5cm 정도만 남기고 열십(+)자로 칼집을 넣어주세요
4. 냄비에 오이절임용 물과 소금 6T를 넣고 끓여 주세요
5. 볼에 손질한 오이를 담고, 끓는 소금물을 부어 40분간 그대로 두고, 찬물에 헹군후 물기를 빼줍니다
6. 오이가 절여지는 동안, 소박이소를 만들어볼께요. 부추는 깨끗하게 씻어 물기를 제거한 후 1.5cm 길이로 썰고, 양파는 얇게 채썰어 줍니다
7. 볼에 부추를 담고 다진 생강2t,
8. 멸치액젓 4T,
9. 다진마늘 4T,
10. 소금 2T,
11. 설탕 2T,
12. 굵은 고춧가루 한컵을 모두 넣고 야채와 골고루 버무려주세요
13. 오이소박이소 완성! 이제 절인 오이에 소박이소를 적당히 채워 넣어 주시면 끝이에요 :)
14. 오이를 통에담아, 실온에서 3시간-1일 정도 숙성한 후, 맛이 들면 냉장고에 넣어 주세요 이렇게 보니, 오이 10개 정말 많네요~~ 부모님댁에 드리고 우리도 먹고:) 흐흐
15. 요아이, 정말 너무 맛있어요 :) 끓는 소금물을 부어서, 아삭한 맛이 오래가는, 상큼한 오이 김치! 우리 이웃님들도 한번 도전해 보세요 ^3^ 우리 함께 맛있고 행복해져요! 저는 다시 올게요 한주의 시작 즐겁게 보내요 씨유쑨! ♥",6인분 이상,60분 이내,중급
51,닭볶음탕 진짜진짜 황금레시피 알려 드려요~~^^,https://www.10000recipe.com/recipe/6876357,https://recipe1.ezmember.co.kr/img/icon_vod.png,"닭 1마리, 당면, 감자3개, 당근1/2쪽, 양파 1~1.5개, 고추3개, 대파1대, 다진마늘5쪽, 우유200ml, 멸치, 다시마, 표고버섯, 간장 8~11큰술, 고추장4큰술, 고춧가루2큰술, 요리당6큰술, 간양파1/2개, 청주1큰술, 물400~600ml, 후추 약간, 참기름 약간, 액젓 1큰술","1. 닭 한마리를 준비 합니다 저희집은 가족이 5명이라 두마리를 준비했어요 대식가거든요 ㅎㅎ
2. 당면을 물에 불려 줍니다
3. 닭을 깨끗이 씻어 손질 해 줍니다
4. 닭 사이사이 붙어있는 기름을 제거해주면 좋아요
5. 잡내를 없애기 위해 우유에 30분정도 담가 둡니다
6. 지금부터 이부분은 해도되고 건너 뛰어도 되는 과정 인데요 닭을 한번후루룩 끓여 줍니다
7. 닭끓인 물을 버리고 차가운물로 헹궈줍니다 이부분에서 제가 두가지를 해봤는데요 1.닭을 우유에 담갔다가 씻은후 삶지않고 조리한경우 2.닭을우유에 담갔다가 삶아서 조리한 경우 한번 삶아서 육수를 버리고난 닭볶음탕은 깊은맛이 없더라구요
8. 고기를 냄비에두고 닭한마리기준 간장9~11 고추장4 고춧가루2 양파갈은거1/2 마늘5알 요리당6 청주1 후추약간 액젓1
9. 이렇게 양념소스를 만들어 주세요 요거 진짜 맛집 하고 거의 흡사한 맛이에요 맛집은 낙지나 새우를 첨가해 주기도 하죠!
10. 냄비에 양념장과 육수600ml를 넣고 한소끔 끓여 줍니다 물대신 육수를 넣어주시면 좀더 감칠맛이 나는데 물로하셔도 맛있어요 육수는 물로 대체 가능
11. 그사이에 야채손질을 해주시는데요 감자는 모서리를 깎아서 넣는게 좋아요 그렇지않으면 감자가 으깨져서 국물이 텁텁해 질수가 있거든요 깎고 남은 감자는 된장찌개에 넣으시면 좋아요
12. 한소끔 끓을때 감자를 넣어 뚜껑을 덮고 중불에 30분정도 끓여 주세요
13. 대파 양파 당근 고추를 적당한 크기로 잘라 준비해주세요
14. 이제 어느정도 닭과 감자가익었네요
15. 나머지 야채를 넣고
16. 한번더 끓입니다 국물이 넉넉한게 좋으신 분들은 육수를 조금더 추가하고 양념도 살짝 추가 하시면 됩니다
17. 아까 준비해둔 당면을 살짝 삶아 첨가해주세요 삶지않고 충분히 불려서 넣으셔도 됩니다 불릴시간이 없으시면 삶아서 넣어주세요 당면은 안넣으셔도 상관 없어요 참기름 후추(선택가능)도 살짝 첨가해주심 끝",3인분,60분 이내,초급
52,백종원 닭볶음탕 만들기 쉽고 맛있기까지 하네요~,https://www.10000recipe.com/recipe/6623046,https://recipe1.ezmember.co.kr/cache/recipe/2015/08/11/0554430063ac68758e4929e120c655001_m.jpg,,,,,
53,미역줄기볶음 짜지 않게 비린내 없이!,https://www.10000recipe.com/recipe/6876544,https://recipe1.ezmember.co.kr/cache/recipe/2017/09/15/6229b0022c9376c251d4527730ce0ee01_m.jpg,"염장 미역줄기 1팩 (300g), 당근 1/6개, 양파(중) 1/3개, 식용유 2큰술, 다진마늘 1큰술, 국간장 1/2큰술, 참기름 1큰술, 깨 1/2큰술","1. 염장 미역줄기는 흐르는 물에 3-4번 정도 씻은 후 찬물에 15분간 담가 소금기를 빼주세요.
2. 미역줄기는 물기를 꼭 짠 뒤 한입 크기(4cm)로 썰어주세요.
3. 양파와 당근은 채 썰어주세요.
4. 팬에 식용유를 두르고 중불에서 다진마늘 1큰술을 볶아주세요.
5. 향이 올라오면 강불로 올려 채썬 양파와 당근을 넣고 1분간 볶아주세요.
6. 미역줄기를 넣고 1분, 국간장 1/2큰술을 넣고 3분 볶아주세요.
7. 참기름 1큰술과 깨 1/2큰술을 넣어 30초간 더 볶아주면 완성이에요.",2인분,30분 이내,아무나
54,볶음김치 황금레시피 김치볶음 밑반찬,https://www.10000recipe.com/recipe/6877896,https://recipe1.ezmember.co.kr/cache/recipe/2017/10/14/7804733868375a0baef063db54e8f6651_m.jpg,"익은김치 400g (3컵), 김칫국물 1.5큰술 , 설탕 2큰술, 양파(중) 2/3개, 대파(흰부분) 20cm, 식용유 2큰술, 참기름 1/3큰술, 통깨 1큰술, 간장 2/3큰술, 올리고당 1.5큰술 , 고춧가루 1.5큰술 , 맛술 1.5큰술 , 참기름 1큰술, 통깨 1큰술","1. 익은 김치의 양념을 가볍게 털어낸 뒤 먹기 좋은 크기로 썰어주세요.
2. 신김치에 김칫국물 1과 1/2큰술, 설탕 2큰술을 넣고 고루 버무려주세요.
3. 대파는 어슷 썰기 해주고 양파는 0.3cm 두께로 썰어 준비해주세요.
4. 달군 팬에 식용유 2큰술을 두르고 김치를 1분간 볶아주세요.
5. 아래의 양념을 넣고 잘 섞이도록 저어가며 볶아주세요.
6. 양념 국물의 양이 1/4정도로 졸아들 때까지 충분히 볶아준 뒤 썰어둔 채소를 넣어주세요.
7. 양파가 익을 때까지 볶아주면 볶음김치 완성이에요. 기호에 따라 통깨도 솔솔 뿌려주세요.",2인분,10분 이내,아무나
55,돼지 등갈비찜 만들기 간장소스로 만드는 황금레시피,https://www.10000recipe.com/recipe/6900758,https://recipe1.ezmember.co.kr/img/icon_vod.png,"등갈비 600g, 월계수 잎 조금, 통후추 조금, 물 350ml, 설탕 2Ts, 간장 4Ts, 매실액 1Ts, 물엿 2Ts, 맛술 2Ts, 참기름 1Ts, 다진 마늘 2Ts, 마늘 5톨","1. 등갈비는 600g을 사용해서 만들었어요
2. 자른 등갈비는 깨끗한 물에 담궈 핏물을 제거 해 주시면 더 좋아요 :)
3. 끓는 물에 월계수 잎과 통후추를 넣은 뒤 한번 삶아주세요
4. 한번 삶은 갈비는 깨끗한 물에서 씻어 불순물을 제거 한 뒤 웍이나 냄비에 담아주세요
5. 물 350ml에 설탕 2Ts, 간장 4Ts, 매실액 1Ts, 물엿 2Ts, 맛술 2Ts, 참기름 1Ts, 다진 마늘 2Ts까지 넣어서 양념장을 만들어주세요
6. 만들어진 양념을 등갈비를 담은 웍에 부어주세요
7. 썰어 놓은 파채가 있어서 조금 올려주고 마늘 5톨도 함께 넣어줬어요 파채는 생략하셔도 된답니다 :)
8. 센불에서 30분 정도 끓여주시면 되는데요 센불에서 끓이다가 국물이 자작해지면 중약불로 줄이셔서 천천히 졸이시는게 좋아요 :)
9. 쪽파를 조금 썰어 고명으로 올리고 통깨를 넉넉하게 뿌려서 더 먹음직스럽게!! 이건 정말 황금레시피가 아닌 명품레시피라는거 ㅋㅋ 추천 드리고 싶은 요리에요!!",3인분,60분 이내,초급
56,백종원 골뱅이무침 만드는 법 술안주로 좋은 골뱅이소면무침,https://www.10000recipe.com/recipe/6900650,https://recipe1.ezmember.co.kr/cache/recipe/2018/11/23/b5bf1714b33d66ced31846c141dbbf301_m.JPG,"골뱅이 1캔 (400g짜리), 당근 1/2개, 양파 1/2개, 오이 1/2개, 진미채 적당량 (또는 북어채), 깻잎 취향껏, 대파 1/2대, 청양고추 취향껏, 소면 1줌, 고추장 3.5 큰술, 고운 고춧가루 1 큰술, 설탕 3.5 큰술, 식초 3.5 큰술, 다진 마늘 1 큰술, 참기름 1 큰술, 통깨 적당량","1. 먼저 당근(1/2개)와 오이(1/2개)는 반달 모양으로 썰어주시고요. 양파(1/2개)와 대파(1/2대)는 채 썰어주세요. 깻잎(취향껏)은 적당한 크기로, 청양고추(취향껏) 어슷 썰어줍니다. *오이는 너무 얇지 않게 썰어주세요. *골뱅이는 체에 밭쳐 물기를 빼준 뒤 적당한 크기로 썰어서 준비해주세요. * 백종원 레시피에서는 북어채 or 진미채도 들어가는데요. 저는 없어서 패스했어요.
2. 고추장 3.5 큰 술, 고운 고춧가루 1 큰 술, 설탕 3.5 큰 술, 식초 3.5 큰 술, 다진 마늘 1 큰 술, 참기름 1 큰 술, 통깨 적당량을 넣고 잘 섞어 골뱅이무침 양념장을 만들어요. * 고추장과 설탕, 식초의 비율은 1:1:1로
3. 볼에 야채와 골뱅이, 양념장을 넣고 조물조물 무쳐주세요. 이때 양념장은 한 번에 다 넣지 마시고, 맛을 봐가며 넣어주세요! 백종원 골뱅이무침은 이렇게 완성되었고요. 이제 소면을 삶아줄게요 :)
4. 소면은 끓는 물에서 3-4분간 삶은 후 찬물에 여러 번 헹궈 체에 밭쳐 물기를 빼줍니다. * 소면 삶을 때 중간에 찬물(1컵)을 두세 번에 걸쳐 부어주시면 면발이 더욱 쫄깃해진다는 사실!
5. 소면은 손으로 돌돌 말아서 접시 한 쪽에 먼저 올려주시고요. 빈 공간에 골뱅이무침을 푸짐하게 담아주세요. 그러면 이렇게 먹음직스러운 백종원 골뱅이무침이 완성된답니다 :)",3인분,30분 이내,초급
57,백종원 제육볶음 레시피^^ 백종원의 노하우가 들어있는 손쉬운 레시피 백종원 제육볶음 만들기!!!,https://www.10000recipe.com/recipe/6841008,https://recipe1.ezmember.co.kr/cache/recipe/2016/01/03/2719de5f7ea19aceb5b859d36b853b481_m.jpg,"돼지고기 600g, 양파 1개, 청양고추 2개, 대파 1뿌리, 설탕 2스푼, 고추장 2스푼, 간장 2스푼, 고춧가루 2스푼, 다진마늘 1스푼, 굴소스 1스푼, 올리고당 1스푼","1. 재료는 먹기 좋은 크기도 썰어서 준비해주세요^^
2. 고추장 2스푼, 간장 2스푼. 고춧가루 2스푼, 다진마늘 1스푼, 굴소스 1스푼, 올리고당 1스푼 넣어서 양념장을 이렇게 만들어주세요
3. 고기가 익어갈때 설탕을 넣고 더 구워주는게 백종원 제육볶음의 포인트^^ 동물성 단백질로 구성된 식재료는 설탕부터 사용해야 단맛을 제대로 낼수 있다고해요 소금부터 넣거나 다른 것부터 간을 해버리면 설탕입자는 들어가지 않아서 고기에 단맛이 안베니까 꼭 설탕부터^^ 2스푼 넣었습니다!!! 기호에 따라 가감하시길
4. 손질해둔 야채와 양념장을 넣고 볶아주세요
5. 모든 재료가 다 익으면 제육볶음 끝^^",4인분,30분 이내,아무나
58,찰옥수수 맛있게 삶는법 찐옥수수 보관법,https://www.10000recipe.com/recipe/6980830,https://recipe1.ezmember.co.kr/cache/recipe/2022/06/08/1d0305925d7023e87706681816a507331_m.jpg,"찰옥수수 7개, 물 1.2L, 설탕 5큰술, 소금 2큰술","1. 찰옥수수 준비했어요. 옥수수는 껍질을 다 벗겨주었어요. 속껍질 두 장 정도 있는채로 삶으면 더 맛있다고 하지만 전 그냥 다 벗겼답니다.
2. 옥수수는 물에 한 번 씻어주세요.
3. 넉넉한 냄비에 옥수수 7개 넣었답니다. 옥수수를 냄비에 가득 넣지말고 냄비의 3분의2정도 되게 넣으시면 된답니다.
4. 설탕 5큰술, 소금 2큰술에 물 200ml 넣고 잘 섞어서 녹여주세요.
5. 옥수수에 소스를 부어주세요.
6. 옥수수가 잠기도록 물을 부어줍니다. 1L의 물을 부으니까 적당했어요.
7. 센불에서 뚜껑 닫고 옥수수를 삶아주세요.
8. 물이 끓으면 중약불에서 40분간 삶아줍니다. 중간에 뚜껑을 열지않아야 옥수수가 더 맛있게 삶아진답니다.
9. 불을 끄고 5분간 뜸을 들여주세요.
10. 옥수수가 아주 맛있게 잘 삶아졌어요.
11. 삶은 옥수수는 식힌 후 위생백이나 지퍼백에 넣어서 냉동실에 보관합니다. 냉동된 옥수수는 드시기 1시간 전에 꺼내어 해동한 후 전자레인지에 1분30초 정도 돌리면 금방 찐 옥수수처럼 맛있어진답니다.",4인분,60분 이내,아무나
59,집밥백선생 불낙지볶음. 집밥백선생 백종원 레시피.,https://www.10000recipe.com/recipe/6876513,https://recipe1.ezmember.co.kr/cache/recipe/2017/09/15/870609fd6e486df1f8f3e09f322aedeb1_m.jpg,"낙지 2-3마리, 양파 1개, 대파 1대, 청양고추 2개, 식용유 1/2컵, 다진마늘 1T, 고춧가루 2T, 진간장 3T, 설탕 1T, 맛술 1.5T","1. 먼저 #낙지를 손질해야죠.. #냉동낙지를 사왔어요.. 저렴한 #냉동낙지로 야들야들한 #낙지볶음을 만들수 있다면 더할 나위 없겠죠?
2. 낙지 머리를 뒤집어서 내장을 제거해 주고 다리를 뒤집어 낙지입을 제거해 줍니다. 엄지손톱으로 꾹 눌러주면 톡 튀어나올거에요.
3. 한참 박박 문질러 씻어 줍니다. 빨래하듯이 주물주물~~
4. 끓는물에 퐁당 #낙지를 넣고 살짝만 데쳐 주세요. 그리고 먹기 좋은 크기로 잘라서 준비 해 둡니다.
5. 양념장을 만들어요. 다진마늘1T, 고춧가루 2T, 진간장 3T, 설탕1T, 맛술 1.5T
6. 양파1개를 채썰고, 파 1대를 송송 썰어서 준비해요.
7. 프라이팬에 송송 썬 대파와 식용유 1/2컵을 넣고 파기름을 내 줍니다. 기름이 튈 수 있으니 뚜껑을 덮어 주세요.
8. 파기름이 끓어오르면 채 썬 양파를 넣고 뚜껑을 덮어 줍니다. 물기가 없어질 때까지 튀기듯이 눌려 불향을 입혀 주세요.
9. 양념장을 넣고 고추기름이 나올때까지 잘 섞어주세요. 양념이 탈 수 있으니 불을 최대한 줄이고 섞어주세요.
10. #낙지와 잘게 썬 청양고추 두개를 넣고 #낙지에 양념이 베일때까지만 볶아주세요. 너무 오래 볶으면 #낙지가 질겨집니다.
11. 마지막으로 참기름과 깨를 넣어주면 끝. 여기에 콩나물, 김가루와 같이 먹으면 더 맛있지요..^^",2인분,60분 이내,아무나
60,초간단 10분 요리 김치비빔국수 양념장 끝내줘요,https://www.10000recipe.com/recipe/6885928,https://recipe1.ezmember.co.kr/cache/recipe/2018/03/22/599723cfecc8d9dd610aabadcbf6f3a71_m.jpg,"국수 1.5인분, 식용유 1큰술, 김치 2/3컵, 간장 1큰술, 고추장 1큰술, 고춧가루 1큰술, 설탕 1큰술, 올리고당 1/2큰술, 식초 1큰술, 참기름 1큰술, 통깨 약간","1. 국수는 1인분 분량이지만 남편이 워낙 국수를 잘 드시니 넉넉하게 만들었다 사실 1인분만 만들면 분명히 모자랄 것이다
2. 어떤 분은 국수를 삶을 때 식용유를 한 큰 술 넣어 끓인다고 한다 그럼 국수를 천천히 먹어도 불거나 잘 퍼지지 않아서 좋다는데... 워낙에 잡채를 만들 때 당면을 그렇게 끓여주기는 하지만 소면은 처음이었다
3. 물이 끓어오르면 찬물을 넣고 한 번 더 끓여주기 그리고 찬물에 헹구는데 소면을 찬물에 헹구는데 기름기가 있으니 느낌이 좀 다르다!
4. 소면에 윤기 좔좔~^^
5. 분량의 양념장을 준비하고 김치를 썰어서 섞어준다
6. 국수를 삶는 동안 양념장을 만들어 김치와 섞어주면 김치에 양념이 배어 새콤달콤 맛있어진다
7. 식용유 한 큰 술 넣어 삶은 소면이 윤기가 난다~
8. 김치 양념장을 넣고 참기름과 깨를 뿌려 완성~!!
9. 남편의 호로록 국수 먹는 소리가 참말로 맛있게 들리고 맛있다고 몇 번을 이야기해 주는 소리도 참말로 듣기 좋네~",1인분,10분 이내,초급
61,감자샐러드 대박 간단해요,https://www.10000recipe.com/recipe/6837778,https://recipe1.ezmember.co.kr/cache/recipe/2015/11/09/b081477cc34f907c40ce007e7d6992a61_m.jpg,"감자, 계란, 당근, 양파, 오이, 마요네즈, 머스터드","1. 감자의 싹이 났다면 싹 난 부분을 많이 도려내서 껍질을 깍아주세요. 그런다음 굵은 소금 한스푼 넣고 삶아줍니다. 전 작은거 7개 사용했어요.
2. 계란도 식초 한 숟가락 소금 한 스푼 넣고 삶아 주세요. 샐러드 할 때는 완숙으로 삶아야 하니 약 12-13분 정도 삶아주면 좋아요. 계란 삶을 때 식초 넣는 이유는 식초가 깨져서 지저분해 지는걸 방지해 준답니다.
3. 감자샐러드 안에 넣어줄 야채를 손질해 주세요. 야채는 개인 기호에 좋아하는걸로 추가해서 넣어주시면 되겠죠. 파프리카나 피클, 옥수수콘 같은 거 같이 넣어줘도 맛있답니다.
4. 오이, 당근, 양파를 잘게 다져주세요. 큰 볼에 넣고 소금 한스푼 넣은 다음 절여주세요. 약 15-20분 정도 해주시면 되구요~ 너무 오래 절이면 짜져요.
5. ? 잘 삶아진 감자와 계란을 으깨주세요. 약간 따뜻할 때 손으로 부수는게 제일 잘 으깨지는 것 같아요. 포크나 매셔 있다면 매셔로 해주셔도 된답니다. 저는 감자 7개 + 계란 6개를 넣어주었는데요.
6. 절여놓은 야채가 약 20분 정도 지나면 저렇게 물이 생겨요. 야채 물기를 쫙 제거해주세요. 물기가 많으면 샐러드가 질어지니깐 가능하면 아주 꾹 짜주세요.
7. 으깨놓은 감자, 계란에 물기 제거한 야채를 넣어주세요. 그리고 잘 섞어주세요.
8. 잘 섞은 다음 마요네즈 3스푼 + 머스터드 1스푼 + 설탕 1스푼 넣어주세요. 그리고 잘 섞어줍니다. 머스터드 싫어하시는 분은 넣지 않아도 무방해요. 야채 간이 들어서 저는 소금간을 따로 하지 않았는데요. 맛 보시고 싱겁다면 소금 추가해주세요.
9. 감자샐러드 완성됐지요.
10. 모닝빵은 끝까지 자르지 않는게 좋아요. 빵을 다 자르게 되면 먹을때 옆으로 막 세어 나오잖아요. 이렇게 잘라서 속을 넣으면 먹을 때도 아주 깔끔하게 먹을 수 있답니다.",2인분,30분 이내,초급
62,"무생채 만드는 법, 절이지 않고 10분 만에 휘리릭 ~",https://www.10000recipe.com/recipe/6893285,https://recipe1.ezmember.co.kr/cache/recipe/2018/07/29/52046ea43391de69233f594b0b52bb311_m.JPG,"무 600g, 고춧가루 2큰술, 다진 마늘 1큰술, 설탕 1큰술, 오미자청 1큰술 (또는 매실청), 식초 2큰술, 액젓 2큰술, 소금 적당량, 통깨 적당량, 송송 썬 대파 1종이컵","1. 먼저 무는 깨끗이 씻은 후 가늘게 채 썰어주세요. *최대한 가늘게 채 썰어주셔야 양념이 잘 배고요. 무 껍질은 벗기셔도 되고 안 벗기셔도 됩니다 :)
2. 고춧가루 2 큰 술을 넣고 바락바락 문질러 무를 빨갛게 물들여주세요.
3. 다진 마늘 1 큰 술, 설탕 1 큰 술, 오미자청(또는 매실청) 1 큰 술, 식초 2 큰 술을 넣어주시고요.
4. 이어서 액젓 2 큰 술, 소금 적당량을 넣고 조물조물 무쳐 맛을 봐주세요. 약간 싱거우시면 소금을 더 넣어주시고요. 새콤한 맛을 더 느끼고 싶으신 분들은 식초를 조금 더 넣어주세요 :) 마지막으로 통깨와 송송 썬 대파를 넣고 가볍게 섞어주기만 하면 무생채 만드는 법, 끝 ~♩",6인분 이상,15분 이내,초급
63,"매콤 된장찌개, 채소와 두부만 넣은 초간단 초스피드 된장찌개",https://www.10000recipe.com/recipe/6859263,https://recipe1.ezmember.co.kr/cache/recipe/2016/10/27/462f2e2c70a260e044c4450bc18e6f651_m.jpg,"느타리버섯 1줌, 양파 1/2개, 애호박 1/4개, 청양고추 2개, 두부 1/4모, 물 1.5종이컵, 된장 2T, 진간장 1T, 고추가루 1.5T, 다진마늘 0.5T, 설탕 0.5티스푼, 소금 간맞추기 ","1. 물1.5종이컵에 된장,고추가루,다진마늘,설탕,간장을 한데넣고 한소끔 끓여줍니다.
2. 그사이 양파,버섯,애호박,청양고추,두부는 적당한 크기로 썰어줍니다.
3. 한소끔 끓은 된장물에 양파,버섯,애호박,청양고추,두부를 넣어 줍니다.
4. 애호박이 익을때까지 끓여주어 간을보아 부족한간은 소금으로 해주어 완성. 저는 부족한간이 없어 소금은 넣지 않았습니다.",2인분,15분 이내,초급
64,크림파스타 만들기 크림스파게티 만드는 법 생각보다 간단해요 :),https://www.10000recipe.com/recipe/6901938,https://recipe1.ezmember.co.kr/cache/recipe/2018/12/14/2e5a56658f3abe62fa741b2958e3354e1_m.jpg,"올리브유 약간, 파스타면 1인분, 베이컨 작은 거 4장, 체다치즈 2장, 소금 약간, 후추 약간, 흰우유 180ml, 양송이버섯 2개, 다진 마늘 1스푼, 버터 1숟갈, 채 썬 양파 적당량","1. 크림파스타를 만들기 위해 필요한 재료들을 알려드릴게요.
2. 먼저 베이컨을 먹기 좋은 크기로 잘라주세요. 양송이버섯도 씻어서 잘라주세요.
3. 오늘 크림파스타는 1인분만 만들 거라 100원 동전 크기 정도의 크림파스타를 만들게요. 보기엔 양이 적어 보여도 면을 익히고 크림소스가 추가되면 양이 딱 좋을 것 같아요.
4. 끓는 물에 소금을 약간 넣어서 팔팔 끓여주세요.
5. 파스타 건면을 골고루 펼쳐 넣어주세요.
6. 젓가락으로 면을 끓는 물 안으로 넣어서 5분 정도 익혀주세요. 처음에 끓는 물에 어느정도 면을 익혀주면  나중에 크림소스랑 볶아주실 때 시간을 단축할 수 있어요!
7. 끓는 물에서 5분 정도 익힌 파스타면을 채반에 옮겨주세요. ★이때!!!★ 찬물에 헹구시지 마시고 그냥 이대로 파스타면을 식혀주세요.
8. 이제 크림파스타 소스를 만들 거예요! 달궈진 프라이팬에 올리브유를 적당히 넣고 다진 마늘을 넣고 볶아주세요.
9. 다진 마늘이 어느 정도 볶아졌으면 버터를 넣어주세요. 그리고 버터가 다 녹았으면 양송이버섯을 넣고 볶아주세요.
10. 양송이버섯이 어느 정도 노릇하게 익었으면 채썬 양파와 베이컨을 넣어주세용
11. 채썬 양파와 베이컨이 잘 익을 때까지 볶아볶아줍니당!
12. 그리고 흰우유 180ml를 넣고 보글보글 끓여주세요!
13. 체다 치즈 2장을 넣어 크림파스타 소스를 진하게 만들어줍니다. 더욱 진한 크림파스타를 드시고 싶으시면 체다 치즈를 더 넣으셔도 좋아요!
14. 체다 치즈가 잘 녹을 때까지 보글보글 계속 끓여줍니다. 크림소스를 끓일수록 색깔이 점점 진해져요! 그리고 중간에 크림소스 간을 보셔서 소금으로 간을 맞춰주세요. 저도 크림소스가 밍밍해서 소금을 조금씩 넣어가면서 간을 맞췄어요!
15. 채반에서 쉬고 있었던 파스타면을 넣어주세요.
16. 파스타면과 크림소스를 잘 섞어주세요. 걸쭉하게 드시고 싶으시면 오래 끓이시면 되고, 그냥 묽게 드시고 싶으시면 잠깐만 끓이셔서 바로 드시면 돼요! 저는 걸쭉한 크림파스타를 좋아하기 때문에 오래 끓여줄 거예용! 이쯤에서 그릇에 옮겨 담아줄게요.
17. 완성된 크림파스타 위에 후추를 솔솔 뿌려주면 완성입니당! 양이 딱 적당한 것 같아요!
18. 꾸덕꾸덕 걸쭉걸쭉하니 딱 제가 원하는 농도로 잘 만들어졌어요! 처음 만들어 본 크림파스타! 맛은 어떨지 한 번 먹어볼게요.
19. 진짜 거짓말 안하고 밖에서 파는 거랑 맛이 정말 똑같아요!!! 너무 맛있어서 놀랬어요. 집에서 쉽게 만든 크림파스타가 이렇게 맛있다니!!! 이건 대박사건이예요!!!!!!
20. 크림파스타를 먹다가 냉장고에 있던 피클이 생각나서 함께 먹었어요. 크림파스타 ♥ 피클은 사랑이죠! 너무너무너무 맛있어요 진짜!!! 따봉",1인분,20분 이내,초급
65,두반장이 필요없다! 쉽고~ 맛있는 마파두부/ 마파두부덮밥 레시피 공개!,https://www.10000recipe.com/recipe/6881454,https://recipe1.ezmember.co.kr/cache/recipe/2017/12/27/81d7bf7713e7b538b97d521d1485ec421_m.jpg,"두부 2모, 돼지고기다짐육 1팩, 다진파 넉넉하게, 다진양파, 다진마늘 2큰술, 고춧가루 5큰술, 간장 4큰술, 설탕 1큰술, 굴소스 1큰술, 소금 톡톡, 된장 1큰술, 전분물, 치킨스톡 (멸치육수) 약간, 물 2컵, 후추 조금","1. 재료를 준비 해 줍니다. 마이쏭은 두부가 많은 마파두부가 좋으므로, 두부 2팩 준비했어요~! 돼지고기 다짐육도 통크게~ 한팩! ㅋㅋㅋㅋ
2. 먼저, 돼지고기는 후추, 소금으로 밑간을 해 둡니다.
3. 그리고, 재료손질!!!! 두부는 깍뚝깍뚝 좀 잘게 썰어주고~ 파와 양파는 다져줍니다.
4. 다진마늘도 준비 해 주세용~
5. 모든준비 완료! 이제~ 만들어 볼까요? 먼저, 달군팬에 기름을 둘러줍니다. 기름과 참기름을 섞어 둘러주셔도 좋아요~!
6. 기름에, 다진마늘과 다진파를 넣어 볶아주며 파기름을 내줍니다
7. 그리고~ 파향이 진~하게 올라오면! 다진양파도 넣고, 함께 볶아주세용~!
8. 그 다음은 밑간 해 둔 돼지고기다짐육 투입!!!
9. 후추조금 넣고 맛술있음 맛술도 조금 넣고 볶아주세요~ 마이쏭은 맛술이 없..... 그냥 후추만 조금 넣고 볶아줬답니다
10. 고기의 겉면이 어느정도 익었다면!!! 여기에 양념을 해 줄 차례~! 빠알간 고춧가루 넣고~
11. 설탕넣고~ 소금넣고~ 간장넣어~
12. 타지않게 달달~ 볶아주세요!
13. 이렇게 마파두부의 양념장이 완성 되었어요~! 이제, 여기다 바로~! 마파두부를 만들꺼랍니다! 마이쏭은 물을 부어줬는데~ 멸치육수가 있다면, 멸치육수를 넣어주시면 되용~
14. 팔팔 끓어오르기 시작하면~
15. 된장 1큰술 넣어줍니다. 두반장이 필요없다는것은? 바로 요 된장때문! ㅎㅎㅎㅎㅎ 양념과 섞이니~ 두반장이 필요없게 마파두부의 맛을 낼 수 있다구욧^^
16. 드디어 오늘의 주인공 두부입짱~!! 2팩 과감하게! 몽땅 때려넣어 줍니다. 두부가 많아야 비주얼도 맛도 더 맛있든 듯 ㅎㅎㅎ
17. 요건~ 뭐, 넣지 않아도 충분히 맛있지만~ 육수없이 물로 넣었기에, 마이쏭은, 집에있는 치킨스톡 한큰술 넣어줬답니다 ㅎㅎ
18. 자아~! 이제 양념은 끝!! 요렇게 불을 줄이고 재료가 어우러지게~ 끓여주다가!!
19. 전분가루와 물을 넣고 섞어, 전분물을 만들어 줍니다. 급하게 막걸리잔을 꺼내들었다는.. ㅋㅋㅋ?
20. 끓고있는 마파두부에~ 전물물 스르륵~ 둘러~
21. 잘 저어가며 끓여줍니다.
22. 너무 되직하지 않게 조금씩 부어가며 농도를 맞춰주시면 되요!! 밥위에 마파두부 끼얹고! 반숙 계란후라이 얹고 파슬리가루 좀 뿌려주니~ 대박비주얼 탄생!!! ㅋㅋㅋㅋㅋ?",5인분,30분 이내,초급
66,집밥으로 술안주로~ 닭갈비 레시피 끝판왕!! 파는 닭갈비 비법을 담았슴돠ㅋ~^^,https://www.10000recipe.com/recipe/6928209,https://recipe1.ezmember.co.kr/cache/recipe/2020/03/10/95e02532aa0e83a5bf7fd822692b8a771_m.jpg,"닭다리살 800g, 양파 1/2개, 양배추 200g, 대파 1뿌리, 깻잎 1묶음, 떡볶이용 떡 300g, 고구마 1개, 당근 150g, 생강술 3T (또는 맛술), 후추 약간, 설탕 3T, 고추가루 4T, 통깨 2T, 카레가루 1T, 다진마늘 2T, 고추장 4T, 맛술 2T, 간장 3T, 물엿 3T, 소금 2t","1. 닭은 먹기좋은 크기로 잘라 생강술이나 맛술을 뿌리고, 후추를 약간만 뿌려 재워두세요.
2. 양파는 1Cm 굵기로 채썰어 주세요.
3. 고구마는 껍질을 벗기고 1.5Cm 정도의 손가락 굵기로 썰어 썰어주세요.
4. 당근은 1Cm 굵기 원형으로 자른뒤 폭 0.5Cm 로 채썰어주세요.
5. 깻잎은 겹쳐서 2~3Cm 폭으로 썰어 뭉치지 않게 손으로 털어 주세요.
6. 대파는 굵게 어슷썰거나, 반을 갈라 5Cm 길이로 썰어도 괜찮아요. 원하는 모양으로 썰어주세요~^^
7. 양배추는 조금 굵게 2~3Cm 폭으로 잘라 큼직하게 썰어두세요.
8. 떡도 손가락 굵기로 썰거나, 떡볶이용 떡을 이용할때는 서로 떼어서 다른 야채들과 함께 준비해 두세요.
9. 모든 양념장을 한데 섞어주세요.
10. 팬에 기름을 살짝 두르고 닭과, 양념장은 1/3만 남기고 모두넣어 볶아주세요.
11. 고기의 겉면이 익으면 양파, 당근, 양배추, 고구마를 넣고 볶아주세요.
12. 고기가 반정도 익고 양파가 투명해질 정도로 볶았으면 물 한컵, 남은 양념을 넣고 고기가 속까지 잘익도록 해주세요.
13. 국물이 어느정도 졸아들면 대파와 떡을 넣고 볶아주세요.
14. 국물이 다 졸아들고 기름이 겉돌때까지 충분히 볶은 뒤에 깻잎을 올리고 불을 꺼주시면 완성입니다.^^",4인분,30분 이내,아무나
67,[밑반찬레시피]애호박볶음 만드는법,https://www.10000recipe.com/recipe/6869602,https://recipe1.ezmember.co.kr/cache/recipe/2017/05/11/a25ff5a93cf75b7cb8dea700dadf44181_m.jpg,"애호박 1개, 대파 1대, 홍고추 1개, 들기름 2스푼, 다진마늘 1/3스푼, 소금 1/3스푼","1. [밑반찬레시피]애호박볶음 만드는법
2. 재료:애호박1개,대파1대,홍고추1개  양념재료:들기름2스푼,다진마늘1/3스푼,소금1/3스푼
3. 호박1개를 4등분해서 잘라주고 대파1대는 송송썰어줍니다.  홍고추는 없으면 패스하셔도 상관없는데 저는 색감을 위해서 넣어주었어요.
4. 후라이팬에 들기름 2스푼을 넣고 대파와 다진마늘 1/3스푼을 넣고 볶아줍니다.
5. 파향이 올라오기 시작하면 썰어두었던 애호박을 넣어주세요.
6. 애호박에 들기름이 뭍어 나오기 시작하면 소금을 1/3스푼을 넣어줍니다.  새우젓을 넣어도 맛있지만 오늘 저는 소금으로 간을 할께요.  소금의 양은 입맛에 따라 틀려지므로 조금씩 넣으면서 간을 맞추는걸 추천해요.
7. 3분가량 더 볶아주다가 애호박이 익으면 홍고추와 깨를 넣어서 한번 휘릭 볶아내주시면
8. 간단한 밑반찬 애호박 볶음이 완성이 되었어요.",2인분,10분 이내,아무나
68,순대볶음 황금레시피,https://www.10000recipe.com/recipe/6712470,https://recipe1.ezmember.co.kr/cache/recipe/2015/04/18/5981d0cac50d25555f5fc691efc60ce31_m.jpg,,,,,
69,계란장조림 황금레시피 짜지않고 맛있게,https://www.10000recipe.com/recipe/6906766,https://recipe1.ezmember.co.kr/cache/recipe/2019/02/06/0c852122b2b74b76bf78cc0c1527a0e21_m.jpg,"계란 5-6개, 소금 1스푼, 식초 1스푼, 청양고추 1-2개, 통마늘 1줌, 진간장 4스푼, 국간장 2스푼, 설탕 2스푼, 올리고당 0.5~1스푼, 물 1.5컵 ","1. 냄비에 계란이 잠길정도로 물을 붓고 소금 1스푼, 식초 스푼을 넣어 계란을 삶아줍니다 계란상태는 완숙, 반숙 선택사항인데요 ? 반숙은 물이 끓기 시작하고 7분정도 완숙은 10~15분정도 삶아주시면 될것 같아요
2. 다 삶아지면 빠르게 찬물로 이동해 담궈주고 껍질을 까서 준비해줍니다
3. 진간장 4스푼 / 국간장 2스푼 설탕 2스푼 / 올리고당 스푼 / 물 1컵반 + 통마늘도 함께 ? 냄비에 분량의 양념과 통마늘을 넣고 바글바글 끓여줍니다
4. 간장양념이 끓으면 삶은 계란을 넣어주고
5. 계란의 겉면이 색이 입혀질때쯤 청양고추도 듬성듬성 썰어 넣어 중불에서 뭉근하게 끓여줍니다
6. 국물이 거의 줄어들고 달걀에 양념이 잘 베어 거뭇해지면 계란외에 건더기는 건져주시면 끝!! 간을 보시고 좀더 짭쪼름한게 좋다 하시면 좀더 조려주시면 되겠죠?",4인분,30분 이내,초급
70,내장까지 넣어 제대로 진한 전복죽 만들기,https://www.10000recipe.com/recipe/6882083,https://recipe1.ezmember.co.kr/cache/recipe/2018/01/10/e8d5ef99176a05174fc355648135ff241_m.jpg,"전복 中 4마리, 밥 1.5공기, 양파 1/2개, 당근 1/3개, 양송이버섯 3개, 국간장 1T, 소금, 참기름, 물 3공기","1. 전복죽은 전복손질만하면 그리 어려운요리는 아니에요. 칫솔로 전복 배부분과 껍질은 문질러서 깨끗하게 씻구요
2. 전복 가쪽을 숟가락으로 살살 돌리면 가운데로 움찔하는데 그때 숟가락으로 긁어서 떼어냅니다
3. 내장과 살을 빨간선을따라 잘라서 분리.
4. 전복은 나중에 고명으로올릴 하나빼고 모두 다지기. 전복이 미끄러우니 손조심하세요.
5. 나머지 야채들도 곱게 다지기. 야채는 양파는 필수고 나머지는 집에있는 자투리야채들 활용하시면 되요.
6. 그리고 분리해두었던 전복내장은 믹서기에 물과함께 곱게 갈아냅니다. 죽끓일때 채에 걸러내는 방법도 있는데 믹서기로 갈아서 사용하는것이 더 완전하게 내장을 100% 사용할수가 있어서 전 믹서기에 갈아서 사용해요.
7. 팬에 참기름을 두르고 양파먼저 볶구요. 전 찬밥을 이용할꺼지만 쌀을 이용하신다면 30분이상 불려둔쌀을 함께 볶아주세요
8. 당근, 버섯, 전복넣고 볶기. 물을넣어 푹 끓일것임으로 볶는순서는 중요하지않아요
9. 전복내장 넣어주기
10. 물을 밥량 두배이상으로 넣어주고 (쌀사용시4배이상)
11. 밥도 풍덩 해줍니다. 물은 요리중 모자르다싶으면 중간중간 더 추가해주시면 되니 물량을 정확하게 맞추실필요는 없어요
12. 국간장 한스푼넣어 기본간 맞춰주구요. 나머지 모자른간은 다 끓인후에 취향에따라 소금으로 맞춰주시면 되요.
13. 보글보글 끓기 시작하면 한번씩 저어주면서 물이 다 졸아들고 밥알이 푹 퍼질때까지 끓여주면 끝
14. 통으로 넣었던 전복을 얇게썰어서 밥위에 올려주시면 더욱 맛있어보이는 세팅을 하실수가 있답니다. 전복손질과 끓이는시간이 걸려서그렇지 어렵지않은 요리에요.^^",3인분,60분 이내,초급
71,너무 간단한데 맛있어서 놀라는 백종원 분식점 떡볶이 황금 레시피,https://www.10000recipe.com/recipe/6894096,https://recipe1.ezmember.co.kr/img/icon_vod.png,"떡볶이떡 2컵, 물 2컵, 대파 1/2대, 통깨 약간, 고추장 2T, 고추가루 1.5T, 간장 2T, 설탕 3T","1. 먼저 종이컵 기준 물 2컵에 떡볶이떡을 넣고 센불에서 팔팔 끓여 줍니다.
2. 물이 팔팔 끓으면 양념을 다 넣어준 뒤 잘 풀어주고 또 자글자글 끓여 줍니다.
3. 국물이 졸아들면 대파를 가위로 쫑쫑 썰어 넣어주시고 통깨 약간 뿌려 주시면 끝!
4. 너무 간단한데 맛있어서 놀라는 백종원 분식점 떡볶이 완성입니다!
5. 한개 먹어보니 어머머!정말 분식점에서 파는 떡볶이 맛이 나면서 넘 맛있어요. 너무 간단한데 맛있어서 놀랬어요^^",2인분,15분 이내,아무나
72,비빔국수 황금레시피,https://www.10000recipe.com/recipe/6896908,https://recipe1.ezmember.co.kr/cache/recipe/2018/10/01/12f2952620a2e96ef3cdb5fef023260d1_m.jpg,"국수 2인분, 깻잎 2~3장, 열무 김치 적당량 (있으면), 고추장 2T, 고춧가루 2T, 식초 4T, 설탕 3T, 다진마늘 1T, 간장 2T, 와사비 1t, 참기름 1.5T, 다진 고추 약간, 깨소금 약간","1. 위에 적힌 양념장재료를 모두 넣어 만들어 주세요. 이 양념장은 정말로 황금레시피입니다. 맛 본 사람들 모두 살면서 먹어 본 비빔국수 중에서 단연 최고라고 해주었어요!!
2. 물에 소금을 약간 넣고 끓으면 면을 넣고 5분간 삶아주는 사이에 열무는 종종 썰고 깻잎도 썰어주세요. 없으시면 생략해도 되고 넣고싶으신 고명 올리시면 되겠죠?^^
3. 소금 약간 넣어 삶은 면을 건져서 얼음물에 탱탱한 면발을 헹궈줘요!
4. 물기 잠깐 빼는 사이에 집에서 만든 오쿠로 만든 수제 훈제계란을 반으로 딱! 없으시면 생략해도 되지만 계란을 올리면 데코가 살지요^^
5. 물기뺀 면을 그릇에 닮고 썰어둔 열무와 양념장을 올리고
6. 꺳잎과 삶을 달걀을 올리고 마지막으로 꺠를 뿌려주세요>___
7. 김도 잘라 올리고 깻잎과 계란 그리고 마지막으로 깨소금까지! 완성입니다^^",2인분,30분 이내,아무나
73,전기압력밥솥에 옥수수 삶는법,https://www.10000recipe.com/recipe/6855539,https://recipe1.ezmember.co.kr/cache/recipe/2016/08/15/a2c9f3784cb0f489ff254ef4debab0c01_m.jpg,"옥수수, 소금, 설탕, 물","1. 물로 께끗하게 헹궈 줍니다.
2. 물의 양은 어떻게 해야하나 고민이 되시죠? 저는 옥수수를 먼저 넣고 물의 양을 맨위에 옥수수가 잠기지 않을만큼 넣었어요. 아래 옥수수는 통으로 넣고 위에는 반씩 잘랐어요.
3. 전 옥수수의 양이 많아서 소금 2, 갈색설탕 2로 1 : 1 비율로 넣었어요. 짠맛이나 단맛을 어느쪽이나 선호하시는 취향이 있으시면 더 넣으시면 되겠죠.
4. 위에 소금, 설탕을 뿌리고 위에 옥수수들은 뒤집어 줬어요. 알아서 밑에 옥수수들한테 맛을 잘 전해줄거라 믿어요...^^
5. 전지압력밭솥에는 많은 기능들이 있지요. 바로 만능찜 기능이예요. 메뉴를 눌러서 만능찜을 선택해줍니다.
6. 만능찜을 누르니 20분으로 설정이 되어 있더라구요. 시간은 40분으로 맞춰줍니다.
7. 취사버튼을 눌러주고 40분동안 다른 일을 보세요.",6인분 이상,60분 이내,아무나
74,완전 구수한 닭곰탕 만들기 너무쉬워서 깜놀,https://www.10000recipe.com/recipe/6863985,https://recipe1.ezmember.co.kr/cache/recipe/2017/01/04/127914cf34b686312cd46db4ce2b86311_m.jpg,"닭 1마리, 양파, 대파, 후추, 통마늘, 청주 (or소주), 월계수잎 (생략가능), 다진마늘 1스푼, 소금","1. 닭은 삼계탕용 닭을 준비하셔도되구 저처럼 닭볶음탕용으로 하셔도 상관없어요~ 먼저 닭은 끓는물에 살짝만 데치는데요 잡내를 없애기위해 청주나 소주 반컵과 월계수잎이 있어 같이 넣고 끓여주었어요
2. 살짝만 데쳐주고 찬물로 깨끗히 씻고 눈에보이는 기름은 제거후 다시 깨끗한 냄비에 닭과 물을 넣고 양파.대파.통마늘.통후추or후추가루 넣어 끓여주세요
3. 센불에서 30분정도 끓여주다가 닭을 건져 살를 발라주는데요 뼈가 씹히지 않도록 잘 보면서 발라주셔야되요~! 좀전에 끓인 육수에 떠있는 양파대파통마늘은 다 건져주시고 불순물이 혹시 떠다닌다면 그것도 떠서 버려주세요~
4. 잘 발라진 닭고기에 다진마늘 1스푼을 넣고 소금과 후추를 톡톡 넣어 잘 버무린후
5. 좀아까 끓였던 육수에 다시 퐁당~ 좀더 끓여주다가 송송썰은 대파 가득 넣어주기 :) 모자란간은 소금으로 하시면 될것 같아요",2인분,60분 이내,아무나
75,"백종원 김치볶음밥 레시피 누구나 쉽게 만드는 팁까지,",https://www.10000recipe.com/recipe/6876755,https://recipe1.ezmember.co.kr/img/icon_vod.png,"밥 1공기, 신김치 1/2공기, 대파 1대, 계란 1개, 기름 2T, 간장 1T, 고춧가루 1T, 참기름 1/2T, 미림(맛술) 1/2T, 소금 1꼬집","1. 대파 1대는 송송 썰어주세요. 파는 많을수록 파기름을 내주어 맛있답니다.
2. 김치는 도마에서 자르면 김칫국물이 베이기 때문에 그릇에 넣고 가위로 대강 잘게 잘라주세요.
3. 달걀은 그릇에 깨 소금 한꼬집과 비린내를 잡기 위한 미림(맛술) 1/2T를 넣고 잘 풀어 준비해주세요.
4. 팬에 기름 2큰술을 두르고 대파를 넣어 강불에서 볶아준 후 파기름이 올라오면 잘라둔 김치를 넣고 볶아주세요.
5. 김치와 대파가 잘 섞이면 고춧가루 1큰술과 간장 1큰술을 넣어 볶아주세요. 이 때 간장은 재료들을 팬의 한쪽에 밀어넣고 다른 한쪽에 넣어 파르르~끓어오른 후 재료들과 함께 섞어주세요.
6. 간을 마친 후 찬밥을 넣고 주걱으로 가르듯이 섞어주세요.
7. 마무리로 참기름 1/2큰술을 넣어주세요.
8. 밥공기에 밥을 꾹꾹 눌러담아 적당하 크기의 팬에 뒤집어주세요.
9. 다시 볶음밥을 불에 올려준 후 팬이 달궈지면 만들어둔 계란물을 빙~둘러주세요. 계란물을 얇게 부었다면 윗면까지 쉽게 익지만 두꺼워서 잘 익지 않는다면 뚜껑을 덮어 익혀주면 완성입니다.
10. 완성된 백종원 김치볶음밥,",1인분,10분 이내,아무나
76,양념장이 참 맛있는 두부조림,https://www.10000recipe.com/recipe/6906655,https://recipe1.ezmember.co.kr/img/icon_vod.png,"두부 1모, 양파 1/2개, 파 1/2대, 식용류 1/2큰술, 들기름 1큰술, 물 100ml, 간장 4큰술, 고춧가루 2큰술, 굴소스 1/2큰술, 다진 마늘 1큰술, 설탕 1큰술, 깨 1큰술, 참기름 1큰술","1. 두부는 체에 받쳐 물기를 빼주세요
2. 양파는 얇게 썰어주시고 파는 송송 썰어둡니다
3. 양념장도 만들어주세요
4. 두부도 먹기 좋게 썰어주세요
5. 식용류 1/2 큰 술, 들기름 1 큰 술를 두룬 팬에 두부를 구워주세요 양면을 다 구워주시면 됩니다 1분정도씩 부들부들하게 구워요
6. 두부가 구워졌다면 야채와 양념장을 올리고 5분더 끓여주세요
7. 이제 뚜껑을 덮고 1분 더 끓여줍니다
8. 너무 간단하게 완성이죠~^^",2인분,30분 이내,아무나
77,돼지고기 김치찜 만드는 법,https://www.10000recipe.com/recipe/6889570,https://recipe1.ezmember.co.kr/cache/recipe/2018/05/25/53402adf0a5eb2b854649925343219481_m.jpg,"돼지고기 600g, 김치 1/4포기, 양파 1/2개, 청양고추 1~2개, 대파 1/2대, 고춧가루 3스푼, 다진 마늘 1스푼, 생강가루 0.3스푼, 청주 3스푼, 후춧가루 약간, 물 3컵, 된장 0.5스푼, 국간장 5스푼, 설탕 2스푼","1. 청주 3, 다진 마늘 1, 생강가루 0.3, 후춧가루 약간을 넣어 돼지고기 밑간을 해주세요. 김치찜에 넣을 고기는 큼지막하게 넣거나 또는 덩어리로 넣어주고 먹기 직전에 가위로 싹둑싹둑 잘라 드심 된답니다.
2. 김치 1/4포기를 준비해주세요. *오래된 묵은지는 흐르는 물에 김칫소를 씻어 사용하세요. 또 너무 신 김치는 미리 설탕을 넣어 조물조물 무쳐 주셔도 되고요. 그럼 신맛이 달아난답니다
3. 양파는 채 썰어 주고 대파, 청양고추는 어슷 썰어 주세요.
4. 물 3컵을 그릇에 담고 양념재료인 된장 0.5, 국간장 5, 설탕 2를 넣고 고루 섞어 주세요. 여기에 새우젓 1숟가락 정도 추가하셔도 좋아요.
5. 냄비에 밑간해 놓은 돼지고기를 넣고 김치도 함께 넣어주세요.
6. 그리고 양념해 놓은 육수를 모두 붓고
7. 고춧가루 3, 양파, 대파, 청양고추를 모두 넣고 1시간 30분 정도 푹 끓여주세요. 처음에는 뚜껑을 열고 센 불에서 10분 정도 끓여주다 (그래야지 고기 잡내가 날아가요) 그다음 뚜껑을 닫고 불은 약불로 줄이고 뭉근하게 익혀줍니다. 김치가 가정마다 염도, 맵기도 그렇고 신맛도 모두 다르니 이럴 땐 설탕과 고춧가루를 조절해 가며 입맛에 맞게 간을 해주세요. 김치가 짤 때는 물에 살짝 씻어주거나 김칫소를 털어주거나 국물을 짜주세요. 1시간 이상 푹 끓이다 보면 고기에서 기름이 나와 김치에도 배어 윤기가 나고 고기는 야들야들하니 연해진답니다.
8. 돼지고기 김치찜 완성 ^^ 김치찜 하실 땐 돼지고기에 밑간을 해주심 잡내를 없앨 수 있으니~기억해 주시고요. 무엇보다 신선한 고기 구입이 우선이겠죠.",4인분,120분 이내,아무나
78,참치김치찌개 황금레시피 맛있게 끓여먹어요~,https://www.10000recipe.com/recipe/6864674,https://recipe1.ezmember.co.kr/img/icon_vod.png,"신김치 1국그릇, 대파 1뿌리, 참치 1캔, 식용유 3스푼, 고추가루 1스푼, 김치국물 3스푼, 물 400ml","1. 신김치 국그릇 가득, 대파 1뿌리, 참치 1캔, 식용유 3스푼, 고추가루 1스푼, 김치국물 3스푼, 물 400ml
2. 김치 국그릇 가득 담은 걸 냄비에 옮겨주세요
3. 식용유 3스푼을 김치위에 돌돌 돌려 뿌려주신 다음 약-중 중간 불에서 달달 볶아주세요
4. 다음 참치 1캔을 함께 넣어 달달 볶아주세요 이 때 참치캔 기름은 버리지마시고 함께 넣어주세요
5. 물 400ml를 넣어 끓여주세요
6. 다음 김치국물 큰 국자로 3스푼 넣고 팔팔 끓여줍니다
7. 계속 끓이다가 대파 한뿌리 송송 썰어주신 걸 넣어주세요~ 다진 마늘 좋아하시면 다진마늘 티스푼으로 1스푼 넣어주셔도 좋아요
8. 마지막으로 김치찌개 색감을 더 이쁘게, 그리고 얼큰하게 해주기위해 고추가루 1스푼을 넣어준 다음 끓여주시면 끝~
9. 설 기간동안 기름기 많은 음식들로 느끼했던 속이 얼큰하니 정말 맛있게도 먹었네요~ 저랑 신랑은 얼큰한 국물먹다가 맛있어서 라면 사리 하나 넣어서 다시 끓여먹었답니다
10. 만드는 법은 정말 간단하지만 맛이 일품이라고 신랑에게 칭찬받은 참치김치찌개 레시피 다른 반찬 없이",2인분,10분 이내,아무나
79,"상추겉절이 만드는 법, 양념장도 간단해요~♡",https://www.10000recipe.com/recipe/6867380,https://recipe1.ezmember.co.kr/img/icon_vod.png,"상추 12장, 양파 1/2개, 간장 3스푼, 고추가루 1.5스푼, 매실액 2스푼, 참기름 1스푼, 깨소금 1스푼, 다진마늘 1/2티스푼, 식초 1/2스푼, 깨 넉넉히","1. 재료를 준비해주세요~!
2. 이제 상추를 흐르는 물에 3~4번 씻어주세요
3. 깨끗하게 헹궈준 상추는 꼭 물기를 제거해주세요~! 물기 제거해주신 다음 먹기 좋은 크기로 4등분 정도 해주세요~
4. 볼에 상추를 담고 그 위에 양파 반개 썰어준 걸 담아주었는데요~ 이렇게 상추위에 양파 담으면 일단 기본 재료는 끝! 넘나 간단하죠~?
5. 양념장을 만들어줄건데요! 간장 3스푼, 고추가루 1스푼 반, 매실액 2스푼, 참기름 1스푼, 깨소금 1스푼 다진마늘 T스푼 반, 식초 1/2 스푼을 넣고 잘 섞어주시면 된답니다~+_+ 넣어주시는 양은 본인 입맛에 맞게 가감해주시면 되세요~
6. 이제 상추위에 양념장을 올려주시구요~
7. 조물조물~~살~살 버무려주세요
8. 양념장이 잘 버무려진 상추와 아삭아삭해보이는 양파까지 이제 완성이에요~♡
9. 처음에 12장을 할 때 워낙에 상추가 많은가? 하는 생각이 들었는데요~ 시간이 지나면서 상추의 숨이 죽으면서 양이 작아보여요~ 상추겉절이는 만든 직후에 바로 먹어주는게 좋아요~+_+ 시간이 지날 수록 아삭한 식감이 줄 수 있다고 하더라구요
10. 다음에는 봄동겉절이도 한 번 도전해볼까해요~! 새콤달콤한 상추와 아삭한 식감의 양파덕분인가 겉절이 홀릭되었네요^^ 봄날씨가 되면서 입 맛 없으신 분 한번 만들어 드셔보세요~ 밥 반찬으로 초간단 만들 수 있는 밥도둑이 따로 없답니다~♡",2인분,5분 이내,아무나
80,"떡볶이 황금레시피, 이대로만 하면 무조건 성공!",https://www.10000recipe.com/recipe/6882325,https://recipe1.ezmember.co.kr/cache/recipe/2018/01/15/593e123714a3af6752388583567427cb1_m.jpg,"밀떡 2~3종이컵 (아무떡가능), 대파 1/2개, 어묵 2장, 설탕 3T, 고춧가루 2.5T, 고추장 2.5T, 진간장 1T, 후추 톡톡, 통깨 톡톡, 생수 2T","1. 전 갠적으로 좋아하는 밀떡을 사용했어요 전 냉동실에 넣어두었던 떡이라 찬물에 담궈놨다가 여러번 씻어주었어요~ 냉동떡이 아니라면 흐르는물에 씻어만주시면되요~
2. 어묵과 대파는 먹기좋은 크기로 잘라주세요
3. 설탕3스푼, 진간장1스푼, 고춧가루2.5스푼, 고추장2.5스푼, 생수2스푼, 후추톡톡 ,통깨톡톡 이레시피대로만 양념준비해서 넣는다면 정말 실패할일 없다고 장담합니다 ㅋㅋㅋ (하지만, 개인적인 입맛차이는 있으니 태클금지) 양념장을 만들어 준비해둡니다
4. 냄비나 주물럭팬에 떡과 어묵을 넣고 생수 한컵반~두컵 넣어줍니다 그리고 양념을 부어준후 생수가 보글보글 끓기시작하면
5. 중약불로 양념을 잘 풀어주세요~ 그리고 대파도 넣어준후 잘 간이 배일수있도록 끓여주세요~
6. 짜박짜박 한듯하지만 그렇다고 아예국물이 없는것도아니예요~ 매운고추장, 매운고춧가루를 사용해서 만든 떡볶이 황금레시피! 한번 먹어보면 자꾸 해먹게될 그런맛이예요^^",3인분,15분 이내,아무나
81,옥수수 삶는 방법 꿀 팁!,https://www.10000recipe.com/recipe/6916522,https://recipe1.ezmember.co.kr/cache/recipe/2019/07/27/5a62e959d4de6ca7184590f025f7c8c91_m.jpg,"옥수수 7개, 옥수수수염, 소금 1+1/3스푼, 뉴 슈거 2/3스푼, 물 2L ","1. 옥수수는 껍질을 제거하고 옥수수 수염은 따로 준비한다
2. 옥수수 수염은 흐르는 물에 깨끗이 씻어 냄비에 넣는다
3. 껍질 제거한 옥수수 차곡차곡 넣고 물 2리터 붓고
4. 뉴 슈거 (감미료) 2/3스푼과 꽃소금 1+1/3스푼을 넣고 뚜껑 덮고 삶는다
5. 중불~약불에서 20~25분간 삶고
6. 20분 후 블 끄고 10분간 뜸 들인다
7. 몸에 좋은 옥수수 넣고 삶아 맛이 진한 느낌이네요 맛있는 옥수수 삶기 완성~",4인분,30분 이내,아무나
82,옥수수 맛있게 삶는법 찰옥수수 삶는법 삶는 시간,https://www.10000recipe.com/recipe/7007303,https://recipe1.ezmember.co.kr/cache/recipe/2023/08/04/482de6ddb6e866730d57bc0ebe57b97e1_m.jpg,"찰옥수수 6개, 물 3L , 꽃소금 1+2/3큰술, 황설탕 3큰술, 뉴슈가 3큰술","1. 찰옥수수의 껍질과 수염을 손질해줍니다. 옥수수 껍질은 속껍질 한겹만 남겨두고 모두 제거해 줍니다. 옥수수 수염도 깨끗한 것들은 남겨두어요. 삶을 때 수염을 넣어주면 달큰한 맛이 배어나와 더 맛있게 삶아져요.
2. 옥수수를 물에 씻어줍니다. 이물질이나 먼지 등을 제거해 줍니다. ?
3. 옥수수가 잠길 정도로 물을 넣어주는데 냄비에 3리터 정도 넣어주고, 소금을 넣어줍니다.
4. 뉴슈가가 없어서 설탕만 넣었는데 레시피 양보다 2배 정도 많이 넣었어요. 음...그래도 단맛이 덜하더군요. 다음엔 뉴슈가를 사서 넣던지 아니면 설탕을 조금 더 넣어야 할 것 같아요:) ?
5. 옥수수를 넣고 수염도 깨끗이 씻어 넣어줍니다.
6. 물이 끓기 시작하면 불을 중불로 줄여서 30분 정도 푹 삶아줍니다.  ?
7. 다 삶아지면 바로 꺼내지 말고 5분 정도 뜸을 들여주어요.  ?
8. 소쿠리에 하나씩 꺼내 담아요. 옥수수 알알이 탱글탱글, 노릇노릇 아주 맛있어보여요. ?
9. 옥수수 맛있게 삶는법 참 간단해요. 소금과 설탕을 넣어 30분 이상 삶으면 되고, 소금과 설탕은 입맛에 맞춰 적당히 조절하면 돼요. 뉴슈가를 넣어주면 설탕의 양을 줄일 수 있으니 취향껏 사용하면 돼요~
10. 남은 옥수수는 밀폐용기나 지퍼락에 넣어 보관해요. 그냥 두면 수분이 말라서 딱딱해져요. ? 냉장고에서 꺼내 먹을 땐 다시 쪄서 먹으면 맛있게 먹을 수 있어요.
11. 건강한 간식으로 여름철에 먹기 좋은 찰옥수수인데요, 찰옥수수 삶는법, 옥수수 맛있게 삶는법으로 맛있게 삶아드세요.",4인분,60분 이내,아무나
83,간단하게 쌈장만드는법/집에서 쌈장만들기⊙,https://www.10000recipe.com/recipe/6856975,https://recipe1.ezmember.co.kr/cache/recipe/2016/08/25/159c2c06f240a532c81ae24e259927381_m.jpg,"된장 1.5~2큰술, 고추장 1큰술, 다진마늘 1큰술, 올리고당 1큰술, 매실액 1큰술, 참기름 약간, 깨소금 약간","1. 된장1.5~2큰술,
2. 고추장1큰술을 넣으며 기본양념을 만들어 주세요.  이떄 된장2 : 고추장 1 비율로 하시면 더욱 맛나게 만드실 수 있을거 같아요 !  (고추장이 없으시면 고춧가루로 해도 무난하답니다)
3. 다진마늘 1큰술,
4. 올리고당 1큰술,
5. 매실액 1큰술, 참기름 약간, 깨소금 약간을 넣고  잘 어우려지도록 섞으면 끝 !  (매실액이 없으시면 생략해셔도 좋아요 !)",6인분 이상,10분 이내,아무나
84,달콤하고 색이 고운 단호박 요리 5가지,https://www.10000recipe.com/recipe/6119166,https://recipe1.ezmember.co.kr/cache/recipe/2017/06/02/0d70762c743ea2bf71e726c6245351c91_m.jpg,,,,,
85,옥수수 삶는법 맛있게 옥수수 삶기 삶는 방법 시간,https://www.10000recipe.com/recipe/7030224,https://recipe1.ezmember.co.kr/cache/recipe/2024/07/11/6a64484fed8e88c18c58d1531a681f0f1_m.jpg,"옥수수 9~10개, 소금 1숟가락, 뉴슈가 0.5숟가락","1. 옥수수 준비하기 -. 저는 손질된 옥수수를 사서 따로 손질 없이 흐르는 물에 깨끗하게 씻어서 준비했어요
2. 냄비에 옥수수와 물 넣기 -. 냄비(찜기)에 씻은 옥수수를 넣고 옥수수가 잠길 정도로 물을 부어줍니다. ?
3. 옥수수 삶기 -. 옥수수가 잠길 정도로 물을 넣었으면 소금 1 숟가락, 뉴슈가 0.5 숟가락을 넣고 뚜껑 덮고 센 불에서 30분간 삶아줍니다. 30분 후 위아래 위치를 바꿔주고 약불에 10분간 다시 삶아줍니다. ?
4. 완성-. 쫀득하고 찰진 옥수수 완성",3인분,60분 이내,아무나
86,갈치조림 레시피,https://www.10000recipe.com/recipe/6830820,https://recipe1.ezmember.co.kr/cache/recipe/2015/08/07/44eea47b578d3437337a4c486f3dcf3d1_m.jpg,"갈치, 무, 양파, 청양고추, 대파, 다시마, 간장, 설탕, 물엿, 고추가루, 다진마늘, 다진생강, 맛술, 후추","1. 육수는 무 넙적하게 썰어주고, 다시마 4~5장, 무가 잠길정도의 물로 끓여줍니다. 끓기시작하면 다시마는 빼주세요.
2. 남대문표양념장 : 간장8, 설탕1, 물엿1, 고추가루3, 다진마늘1, 다진생강 약간, 여기에 맛술2, 후추조금 더 추가했네요.
3. 갈치는 내장과 비늘을 깨끗하게 손질하여 물기를 빼줍니다~생선비린내는 물에 깨끗하게 씻어야 없어집니다
4. 끓어오른 육수에 바로 갈치올리고, 양념장 두둑하게 올려줍니다.
5. 양파,청양고추,대파까지 올리고, 뚜껑닫고 한소끔 끓입니다.
6. 중간에 갈치위로 양념국물 덮어줘가며 끓이면 완성^^",2인분,30분 이내,중급
87,제육볶음 만드는법 # 기사식당st 레시피,https://www.10000recipe.com/recipe/6845428,https://recipe1.ezmember.co.kr/cache/recipe/2016/03/27/3b2359adaaaff4853eecfa07a04ac3a71_m.jpg,"돼지고기앞다리살 1근, 양파 1개, 당근 1/3개, 마늘 1스푼, 파 약간, 고추 기호에맞게, 간장 2스푼, 물엿 1스푼, 매실액 2스푼, 고추장 1스푼, 고춧가루 2스푼, 후추가루 약간","1. 팬에 불을 켜지않고 핏물을 키친타월로 가볍게 제거한 돼지앞다리살1근을 넣고 마늘반스푼, 간장1스푼, 후추가루약간을넣고 조물조물 재워주세요
2. 고추가루2스푼, 진간장1스푼, 마늘반스푼, 물엿1스푼, 매실액2스푼(없으면 설탕2/3수저로대체), 고추장크게1스푼,후추톡톡해서 양념장을 만들어주시고
3. 파와 양파 당근등 기호에맞는 채소를 손질해서 준비해주세요
4. 센불에 고기를 볶다가 반정도 익을때쯤
5. 당근 양파등을 먼저 넣어 센불에 볶아주세요 ( 약한불에서하면 물이나올수있어요!)
6. 양파가 반투명해질때쯤 준비된 양념의 2/3을 넣어 볶아줍니다  양념이 들어간뒤로 탈수있으니 중불로 줄여주세요
7. 고기가 익고난뒤 간을 한번보시고 부족하면 나머지 양념장을 다 넣어주세요 (전다사용했어요!)
8. 불끄기3분전  나머지 고추와 파등을넣어 센불로 볶아주시면 끝!
9. 예쁘게 담아서 맛있게드세요 :)",2인분,30분 이내,초급
88,배추겉절이 만드는 법 배추겉절이 황금레시피,https://www.10000recipe.com/recipe/6851272,https://recipe1.ezmember.co.kr/cache/recipe/2016/06/20/54f98979cc51f6445e833a4ca185fae71_m.jpg,"알배추 1통, 쪽파 10개, 굵은소금 1/2컵, 참기름 1스푼, 새우젓 1스푼, 액젓 3스푼, 고추가루 6스푼, 설탕 1스푼, 마늘 1스푼, 매실청 2스푼, 소금 약간","1. 재료:알배추1통,쪽파10개,굵은소금1/2컵 양념재료:참기름1스푼,새우젓1스푼,액젓3스푼,고추가루6스푼,설탕1스푼,마늘1스푼,매실청2스푼,소금 (계량은 모두 밥숟가락과 종이컵기준입니다)
2. 배추를 깨끗하게 씻고, 배추한장을 반으로 자른후 어슷하게 사진처럼 잘라줍니다. 손으로 하시는 분들도 계신데 저는 칼을 이용해서 잘라주었어요
3. 굵은소금1/2컵을 준비한후 물을 1컵을 준비해서 배추 사이사이에 넣어서 30분에서 1시간정도 절여줍니다.
4. 배추는 중간중간 한번씩 섞어서 골고루 절여지도록 해줍니다.
5. 쪽파를 10줄을 준비한뒤 3cm~5cm크기로 잘라서 준비합니다.
6. 이제 양념장을 만들어 줄께요. 새우젓1스푼,액젓3스푼,고추가루6스푼,설탕1스푼,마늘1스푼,매실청2스푼
7. 양념장이 골고루 섞이도록 해주고 만약에 너무 퍽퍽하다면 물을 2스푼정도 넣어줍니다.
8. ?배추가 잘절여졌는지 아는 방법은 배추 줄기부분을 구부려봤을때 잘휘어지면 잘 절여진거랍니다. ? 절여진 배추는 찬물에 2-3번정도 헹구어 체에 걸러 물기를 빼줍니다.? ?
9. 이제 큰볼에 절인배추와 쪽파를 넣고~
10. 만들어둔 양념장을 넣어줍니다. 양념장이 잘섞이도록 살살 버무려준다음
11. 참기름을1스푼을 넣고 다시한번 버무려 주세요. 그리고 모자란 간은 소금으로 맞추어주시면 됩니다.
12. 요렇게 버부려 준다음 깨를 넣으셔도 되고 안넣으셔도 되고~
13. 방금 막해서 맛있는 배추겉저리가 완성이 되었어요!",3인분,60분 이내,아무나
89,몸보신에 최고인 삼계탕 만드는법,https://www.10000recipe.com/recipe/6854423,https://recipe1.ezmember.co.kr/cache/recipe/2016/02/21/be5f9d8982c1e4177ff3cab2f96a7a591_m.jpg,"닭 2마리, 삼계탕용약재, 찹쌀, 마늘, 소금, 대파","1. 찹쌀은 집에 한컵정도 밖에 안남았길래 이거라도 넣어줬어요 찹쌀은 1시간이상 불려서 준비해줍니다
2. 삼계탕용 약재는 마트에서 파는걸로 편하게 준비했구요 이안에 황기랑 그외 등등등.. 대추도 들어있어요ㅎㅎ 냄비에 물을 넣고 약재를 다 넣고 30분정도 끓여줍니다
3. 보통 닭이랑 약재랑 한번에 다같이 끓여주시던데 저는 저희엄마가 하시는 방식으로 할거에요~ 약재로 육수를 먼저 끓여준후 닭을 넣어야 더 맛있다고 하더라구요
4. 육수가 만들어질동안 저는 닭손질을 해야겠지요~ ?닭 두마리를 봉지에서 꺼내줬는데 매끈한게 참 요염한 자태를 뽐내고 있네요 하다보면 괜찮지만 처음엔 꺼내고 이걸 어쩌지 멍~ 했다는ㅎㅎ? ?
5. 먼저 닭의 기름이 가장 많다는 꼬리부분을 잘라주셔야 해요 자르고 그주변으로 보이는 기름들 다 제거해주세요
6. 날개부분도 끝부분은 잘라주세요 닭손질 겨우겨우 끝! 구석구석 기름있는거 다 제거하고 안에 내장이나 더러운것들 다 파내고 흐르는 물에 씻어주고~ 한 30분정도? 소요된것 같아요
7. ? ? 다 손질된 닭은 보기좋으라고 다리를 꼬아줬어요? ?보통 닭안에 대추 찹쌀 등등 다 넣으시는데 저는 안넣고 그냥 끓일거에요! 개인취향대로 안에 내용물 넣으시고 꼬으셔도 되요^^
8. 30분정도 후 육수가 진~하게 잘 우러났어요 이제 닭2마리 퐁당 해주시고 찹쌀도 그냥 넣어주세요
9. 원래는 통마늘을 넣어야되는데 저는 통마늘의 필요성을 못느껴 마늘은 다 갈아버리거든요 ㅜㅜ 어쩔수없이 다진마늘을 1스푼 넣어줬어요 ? ?근데 저는 오히려 통마늘은 익어도 잘 못먹겠는데 다진마늘은 은은하게 마늘향도 나고 좋더라구요 앞으로도 저는 삼계탕할때 그냥 다진마늘 넣으려구요^^ ?  ?
10. 푹 30~40분정도 끓여줍니다 닭은 너무 오래끓이면 ?질겨지니 적당히 끓여주세요!! ?
11. 마지막에 간은 소금으로 해주시고, 대파 송송 썰어서 넣어서 한번더 끓여주세요
12. ?짠! 여름보양식 삼계탕이 완성됫어요",2인분,90분 이내,아무나
90,맛있는 도토리묵무침 만드는 법 : 다이어트음식으로 좋아요!,https://www.10000recipe.com/recipe/6868921,https://recipe1.ezmember.co.kr/cache/recipe/2017/04/24/2cead3245a4b1cd5bd3c5a32d6f66d451_m.jpg,"도토리묵 1/2팩, 상추 6-7장, 깻잎 5장, 당근 조금 (색 내기용), 고춧가루 1.5큰술, 진간장 5큰술, 매실청 1큰술, 설탕 1큰술, 통깨 1큰술, 대파 1/3개, 청양고추 1개 (선택)","1. 묵은 플라스틱 케이스에서 꺼내 반으로 잘라줍니다.
2. 도토리묵을?끓는 물에 1-2분 정도 살짝 데쳐 꺼내주세요.
3. 묵칼을 이용해 먹기 좋은 크기로 썰어주세요. 저는 사진에서 보시는 도토리묵 한 덩어리를 4등분 해서 준비했어요.
4. 이제 도토리묵 무침에 들어갈 야채를 손질해줍니다. 깨끗히 씻어 준 상추와 깻잎은 먹기 좋은 크기로 잘라주시고요. 당근은 채 썰어 준비해주세요.
5. 대파와 청양고추는 잘게 다져줍니다. 요건 양념에 넣을 거예요.
6. 그럼 도토리묵무침 양념장도 만들어 볼까요? 고춧가루 1.5 큰 술과 간장 5 큰 술, 매실청 1 큰 술, 설탕 1 큰 술, 통깨와 다져 놓은 대파와 청양고추를 투척~
7. 양념장을 잘 섞어준 뒤 손가락으로 콕 찍어 맛을 한 번 봐주세요. 저는 간이 딱 좋아서 다른 양념 추가 없이 바로 다음 단계로 넘어갔어요.
8. 볼에 상추와 깻잎, 당근, 도토리묵을 넣어줍니다.
9. 그리고 나서 양념장을 부어준 뒤 조심스레 버무려주기만 하면 도토리묵무침 만들기 완성!
10. 다이어트 음식으로 만들었는데, 먹자마자 막걸리가 생각나는 이유는 뭐죠? ㅎㅎㅎㅎ
11. 하.. 정말 진심 너무 맛있어요 ㅠㅠ 이런 다이어트음식이라면 정말 매일 먹을 수도 있겠어요ㅎㅎㅎ 남은 도토리묵 반으로 내일 또 무침 만들어 먹어야겠어요!",2인분,15분 이내,아무나
91,"부추 양파무침, 고기에 곁들여 먹기 좋은 부추무침",https://www.10000recipe.com/recipe/6855118,https://recipe1.ezmember.co.kr/cache/recipe/2016/08/22/7d0b5a53e69b82c2f1fb8be7c7f639691_m.jpg,"부추 1줌, 양파 1개, 간장 6T, 고추가루 4T, 식초 2T, 설탕 2T, 들기름 2T, 다진마늘 1T, 깨 약간","1. 양파는 얇게썰어 물에담가(30분정도) 매운기를 빼고 준비해 둡니다.
2. 부추는 3-4등분 하여 주세요.
3. 간장,고추가루,식초,설탕,마늘,들기름을 잘 섞어 양념장을 만들어줍니다.
4. 부추, 양파에 양념장을 잘 무쳐주어 깨를 뿌리면 완성.",2인분,30분 이내,초급
92,[알감자조림] 파근 파근 달콤 짭쪼름한 알감자 조림 만들기,https://www.10000recipe.com/recipe/6840277,https://recipe1.ezmember.co.kr/cache/recipe/2015/12/15/3c404218a0194a5d8a33713fdc9604dd1_m.jpg,"알감자 1봉 (1봉 600g), 물 500cc, 간장 7T, 설탕 4T, 물엿 5T, 참기름 1T, 깨 조금","1. 흙이 묻은 알감자는 물에 깨끗이 씻어줍니다. 구석 구석 칫솔로 닦아주시구요.  깨끗이 씻은 알감자를 냄비에 넣고 한번 삶아주세요. 젓가락으로 콕 찔러보면 쏙 들어가요. 그정도만 익혀주세요.
2. 간장 7T, 설탕 4T, 물엿 5T, 참기름 1T 를 넣고 양념장을 만들어주세요.
3. 알감자는 젓가락으로 콕 찔러 들어가면 물만 버려주세요.
4. 그리고 물 500cc를 넣어주고 다시마 우린물도 좋아요 더 맛있겠죠?^^
5. 아까의 양념장을 넣어주세요. 그리고 센불에서 졸이다가 물이 어느정도 줄어들면 중불로 바꿔서 졸여주세요. 타지않게 잘 봐주세요.
6. 거의 졸아들면 물엿 한큰술 넣고 윤기~ 깨도 넣고요~!! 완성!
7. 파근 파근~ 달콤 짭쪼름한 알감자 조림! 너무 맛있는 반찬!!! 요거 밥도둑~!!!!!!  오늘 알감자 조림 어떠세요?",4인분,30분 이내,아무나
93,미역오이냉국 레시피 백종원 오이미역냉국 미역오이냉국 만드는 법,https://www.10000recipe.com/recipe/7005820,https://recipe1.ezmember.co.kr/cache/recipe/2023/07/11/240cde51ab12293b8c7af3bad9ecbd821_m.jpg,"오이 2/3개, 건미역 5g, 청양고추 1개, 대파 1큰술, 홍고추 1개, 참치액 1큰술, 국간장 2큰술, 다진마늘 0.5큰술, 설탕 4큰술, 식초 6큰술, 물 600ml","1. 건미역은 찬물에 불려줍니다 불린 다음 살짝 데쳐주기도 하는데 저는 데치지 않고 그대로 만들었어요 ? ?
2. 오이는 굵은소금으로 문질러서 깨끗하게 씻어준 다음 채 썰어줍니다  ?  ?
3. 건미역은 물에 담가 15분~20분쯤 불려주면 부드럽게 불어납니다 불린 미역은 미끈한 점액이 있을 수 있어서 가볍게 치대가며 씻어 건진 다음 먹기 좋게 잘라줍니다 청양고추 홍고추 대파는 송송 썰어줍니다 ?
4. 불린 미역과 오이 청양고추 홍고추 대파를 볼에 담은 뒤 다진 마늘을 반 큰술 넣어줍니다 ?
5. 백종원 님 #오이미역냉국비율 물 600ml 소금 1 큰 술 설탕 4 큰 술 식초 6 큰 술입니다 저는 소금 대신 참치 액 1 큰 술과 국간장 2 큰 술 설탕 3 큰 술 식초 6 큰 술을 넣어줍니다 ?
6. 설탕 3큰술을 넣고 잘 섞어줍니다 먹기 전에 이렇게 버무려 놓았다가 먹을 때 물 600ml를 부어주면 더 맛있게 먹을 수 있어요 통깨도 1/2 큰 술 넣어주면 오이미역냉국 완성입니다 통깨 대신 깨갈은것을 넣었어요 생수 대신 다시마 우린 물을 사용하면 좋은데 저는 그냥 생수를 사용했는데 식당에서 먹던 오이냉국 맛 그대로 너무 맛있게 먹었답니다 ?
7. 새콤달콤 맛있는 오이냉국 완성입니다 얼음을 동동 띄워 먹을 거라 간을 조금 짭짜름하게 해주어야 먹을 때는 간이 딱 맞는답니다
8. 완성 그릇에 담아놓고 얼음 동동 띄워 시원하게 먹으면 더욱 맛나지요  ?
9. 시간이 없을 때 빠른 시간에 냉국을 만들 때는 끓는 물에 미역을 살짝 데쳐서 찬물에 헹구어 만들면 됩니다 ?
10. 간단하지만 여름철 빠질 수 없는 반찬 이지요 새콤달콤하게 만들어 놓으면 다른 반찬에 손이 가질 않더라고요 넉넉하게 만들어 냉장고에 넣어 차게 한 다음 국대신 먹으면 좋을 것 같지요 ?",4인분,10분 이내,아무나
94,"파김치 황금레시피,파김치 담그는법",https://www.10000recipe.com/recipe/6868260,https://recipe1.ezmember.co.kr/cache/recipe/2017/04/11/123857520f640efa476baaa5c975dc371_m.jpg,"쪽파 1단, 설탕 2.5Ts, 고춧가루 15Ts, 물 10Ts, 멸치액젓 15Ts, 다진마늘 3Ts","1. 쪽파는 깨끗이 다듬고 흐르는 물에 깨끗이 씻어주세요. 물기를 제거해주세요.
2. 설탕2.5Ts,고춧가루 15Ts,물10Ts,멸치액젓15Ts,다진마늘3Ts를 만들어 놓고
3. 쟁반에 파를 조금씩 잡고 골고루 조금씩 뭍혀주세요. 머리부분에 더 꼼꼼히 발라주셔야 좋아요.
4. 먹기좋을 정도로 돌돌말아주셔도 좋고 그냥 펴서 켜켜히 담고 살짝 눌러주세요.",4인분,30분 이내,초급
95,"우리집 황금레시피로 카레 만드는 법,카레재료",https://www.10000recipe.com/recipe/6851792,https://recipe1.ezmember.co.kr/cache/recipe/2016/06/29/e72edf5c3976b23202cb41793aca87dc1_m.jpg,"카레가루 100g, 카레용 돼지고기150g, 감자 큰거 1개, 당근 1/2개, 양파 2개 (중간사이즈), 새송이버섯 2개, 우유 200ml, 버터 1스푼, 후추 약간, 물 800ml, 마늘 1스푼","1. 재료:카레가루100g,카레용돼지고기150g 감자큰거1개,당근1/2개,양파2개(중간사이즈),새송이버섯2개     우유200ml,버터1스푼,후추,물800ml,마늘1스푼           소개한 재료는 카레가루 1봉지샀을때 양입니다
2. 오늘의 주인공 카레가루예요     저는 개인적으로 매운맛을 선호한답니다^^
3. 우선 제일먼저 해야할일은 카레용돼지고기를 후추로 톡톡세번 그리고 자박하게 잠길정도로 우유를 부어줍니다.     우유와 후추가 돼지고기 특유의 잡내를 잡아준답니다.     15분정도 재워둡니다.
4. 양파중간사이즈 2개, 감자큰거 1개,당근1/2개,새송이버섯2개(없으면 패스하셔도무관)     을 먹기 좋은 크기로 잘라서 준비합니다.
5. 카레를 할 냄비를 준비하신후에 버터1스푼과 마늘1스푼을 넣고
6. 양파썰어둔것을 모두 넣어서 볶아줍니다.     버터를 넣으면 고소한맛이 나서 좋더라구요^^
7. 양파의 볶는냄새가 맛있게 올라오면 돼지고기재워둔것을 우유도 함께 모두 넣어 보글보글 끓여줍니다.     고기의 색이 변하면,
8. 감자와 당근을 넣어줍니다.
9. 감자가 서걱하게 익을정도로 볶아주다가,
10. 물 800ml를 넣어줍니다.
11. 물이 보글보글 끓기 시작하면 남은 우유와 새송이버섯을 넣고 카레가루를 넣어줍니다.
12. 가루가 뭉치지 않게 조금씩 넣어서 충분히 풀면서 끓여준뒤 마지막에 후추톡톡 3번해주면 카레 완성이예요.
13. ?그릇에 밥한공기 퍼서 담고, 옆에 예쁘게 카레를 담아내면~
14. 한그릇 레시피인 카레만들기 완성입니다!!!",3인분,30분 이내,아무나
96,오징어무국,https://www.10000recipe.com/recipe/1787453,https://recipe1.ezmember.co.kr/cache/recipe/2015/07/24/2c659daaae3ccd3de0e917aa8e04403a_m.jpg,"오징어 1마리, 무, 멸치, 다시마, 디포리, 다진마늘, 소금, 대파","1. 오징어 1마리는 안쪽에 칼집을내고, 무우도 적당한 크기로 잘라 두줌정도 준비합니다.
2. 멸치, 다시마, 디포리 육수를 내서 물이 끓으면 무를 먼저 넣고 한소끔 끓이고
3. 다진마늘을 1/3큰술 정도 넣어요.
4. 무가 어느정도 익었으면 오징어와 고추가루를 넣어줍니다. 처음에 무랑 같이 오징어를 넣으면 질겨질 수가 있으니 오징어는 나중에 넣고 팔팔 끓여요..
5. 간은 신안 함초 천일염으로 합니다. 마트에서 판매하는 가공소금으로 간을 맞춘것과는 국물맛이 확실히 달라요~ 개운하고 감칠맛이 납니다요~
6. 대파를 넣고 마지막에 사진에서 보이듯이 윗부분에 뜨는 불순물을 숟가락을 떠 내세요. 그래야 깔끔한 국물이 됩니다.
7. 밥 말아 먹으면 아주 개운하고 시원한 오징어 국 완성이요~!!",2인분,30분 이내,중급
97,돼지고기 장조림 만들기 국물까지 맛있어요,https://www.10000recipe.com/recipe/6876570,https://recipe1.ezmember.co.kr/cache/recipe/2017/09/16/adbf9a20616e14cdb1c16c9891b2b84b1_m.jpg,"계란 5개, 돼지고기 (장조림용), 간장 1컵, 물엿 1컵, 다진마늘 1스푼, 물, 청양고추, 꽈리고추 (생략가능)","1. 먼저 계란은 굵은소금과 식초를 넣어 삶아주시고 껍질벗겨 준비합니다.
2. 돼지고기는 굳이 핏물 안빼셔두 되구요. 물에 넣고 센불로 삶다가 끓기 시작하면 중불로 바꿔 20분정도 더 삶아줍니다. 혹시모를 고기 잡내를 잡아내기 위해 후추 톡톡 뿌려주었어요 :) 고기는 젓가락으로 찔러 핏물이 안나올때까지 삶아주시고 다 익으면 건져서 먹기좋게 썰거나 찢어줍니다.
3. 냄비에 종이컵으로 진간장 1컵 / 물엿 1컵 넣어 끓여주세요. 간장과 물엿의 비율은 1:1 로 생생정보통 황금레시피 랍니다 :)
4. 다진마늘도 1스푼과 삶은계란 넣어 끓여주다가 계란이 어느정도 색이 입혀지면 청양고추와 꽈리고추 먹기좋게 썰어 같이 끓여줍니다.
5. 계란이 어느정도 졸여지면 먹기좋게 썰어논 돼지고기를 퐁당~ 고기에도 양념이 잘 베일수 있도록 좀더 졸여줍니다.
6. 간보시고 짜면 물을 추가해주심 되요~! 먹기좋게 맛있게 졸여지면 불을 꺼주면 끝.",4인분,30분 이내,초급
98,가지볶음 황금레시피:백종원 가지볶음 뚝딱!,https://www.10000recipe.com/recipe/6895391,https://recipe1.ezmember.co.kr/cache/recipe/2018/09/06/a7c648d50c8662fbd721ce75335b65921_m.jpg,"가지 4개, 대파흰부분 2대, 양파 1개, 간장 1큰술, 굴소스 1큰술, 설탕 1/2큰술, 다진마늘 1큰술, 고춧가루 1큰술, 통깨 조금","1. 가지는 반으로 갈라준뒤에 시크하게 썰어주시구요. 양파도 크기에 맞게 썰고 대파는 동글동글 하게 채썰어주시면 되어요.
2. 가지를 볶을때 더 맛나게 하는법은 백종원 쌤도 말씀하셨지만 파기름!! 중국요리에 많이 쓰이는 가지는 파기름을 입었을때 그 풍미가 참 좋죠. 파기름을 내기위해 식용유는 소주한컵을 넣으시구요. 파를 넣은후 중불로 파를 튀기듯 볶아주세요.
3. 그럼 파가 노릇해지면서 진한 파기름이 완성되는데요. 그때 양파와 가지를 넣어요.
4. 양념을 하기전 파기름향이 가지에 입혀질때 불향을 입혀주면 가지볶음을 더욱 맛나게 완성할 수 있답니다.
5. 가지는 익혀지면 살짝 투명해지잖아요. 가지가 살짝 투명하게 변할때까지 중불에서 볶아주어요. 요렇게 노릇노릇해지는 가지도 있고 투명하게 시스루로 변하는 가지가 보일때 쯔음 간장옷을 입혀줄꺼랍니다.
6. 양념을 한곳에 모아서 설탕이 녹을때까지 섞어주어도 좋지만 저는 그냥 팬의 한켠에 넣은후에 뒤적뒤적 섞어주었어요.
7. 그리고 양념이 골고룰 묻혀지도록 볶아주면 기름향에 간장과 굴소스의 맛도 배이게되고 고춧가루의 매콤함도 더해지는데요. 혹여 아이들반찬으로 만드실꺼면 고춧가루는 패쓰해주세요.
8. 저는 조금 더 매콤하게 청양고추 하나 썰어넣었는데요. 요것도 개인취향에 맞게 매콤한게 싫으시면 패쓰하시면 되어요.",5인분,10분 이내,아무나
99,백종원 돼지고기 김치찌개 만들기,https://www.10000recipe.com/recipe/6850116,https://recipe1.ezmember.co.kr/cache/recipe/2016/05/29/2a170363760225a934d26ff7e94cede31_m.jpg,"돼지고기 300g, 김치 1포기, 설탕 1스푼, 고춧가루 2.5스푼 , 간장 2.5스푼 , 양파 1/2개, 대파 적당량, 다진마늘 1스푼, 청양고추 1개, 들기름 적당량, 물 8종이컵, 된장 1/2스푼, 새우젓 2스푼","1. 돼지고기는 핏물을 빼주세요
2. 잘익은 김치 한포기를 꺼내서 잘라주세요 친정엄마표 김치라 너무 맛있답니다
3. 냄비에 들기름 적당히 두르고
4. 김치를 넣고 볶아주세요
5. 다진마늘 한스푼, 설탕 한스푼 넣어주세요
6. 종이컵으로 물 8컵 부어서 센불에 끓여주세요 원래는 쌀뜬물을 넣어야되는데 없어서 패스했습니다ㅎㅎ
7. 핏물 뺀 돼지고기를 넣어주세요ㅊ
8. 백종원 김치찌개에는 된장이 들어가요 고기잡내 제거에 딱이라고 합니다^^ 된장 반스푼 넣어주세요
9. 양파 반개, 청양고추 한개를 썰어서 넣어주세요
10. 간장 두스푼반
11. 새우젓 두스푼
12. 고춧가루 두스푼반 넣어주세요
13. 돼지고기 김치찌개는 오래 끓여야 더 맛있습니다
14. 마지막에 파 쏭쏭 썰어서 마무리하면 돼요^^",4인분,60분 이내,초급
100,백종원 돼지갈비찜 만드는 법,https://www.10000recipe.com/recipe/6878686,https://recipe1.ezmember.co.kr/cache/recipe/2017/10/27/7c68be25436044ca0fbd5b61783636ab1_m.jpg,"돼지갈비 2근, 새송이버섯 2개, 양파 1/2개, 무 1/6개, 청양고추 2개, 홍고추 2개, 당근 1/3개, 대파 1대, 간장 2소주컵, 물 2소주컵, 맛술 1소주컵, 설탕 1소주컵, 간 마늘 1/2소주컵, 다진 생강 0.5, 참기름 1/3소주컵","1. 흐르는?물에?고기를?씻어주고, 고기가?잠길?정도로?콜라를?부어주세요. 콜라를?이용해?핏물을?빼면?시간을?단축할?수 있고,?고기?육질이?부드러워진답니다. 1~2시간 정도 핏물을 빼주세요. 핏물을 잘 빼야지 누린 냄새가 나지 않고 맛있는 갈비찜을 드실 수 있답니다. 물을?이용할 시?중간중간?물을?갈아주고 3~4시간?정도?핏물을?빼주세요.
2. 무, 당근, 새송이버섯, 대파, 양파,청양고추를?적당한?크기로?썰어?준비하고, 무, 당근은 동글하게 다듬어 주었어요. 손질해서?조려주면?끝부분이?으깨지지?않고?모양을?살려?깔끔하게?조림을?할 수?있거든요. 그리고 청양고추 대신 꽈리고추 넣어도?돼요.
3. 핏물을 뺀 고기에 양념장을 넣어줍니다. 간장 2컵,맛술 2컵, 물 2컵, 참기름 1/3컵, 설탕 1컵,간 마늘 1/2컵, 다진 생강 또는 생강가루 0.5 위생장갑을 끼고 조물조물 무쳐주세요. 그리고 잠시 둡니다. 10~15분 정도
4. 냄비에 양념해 놓은 갈비를 모두 넣고 500ml를 부어주세요. 고기 2근이라고 하지만 조금씩 차이가 나니깐 혹시 간조절이 자신 없다 싶으면 물을 한 번에 다 넣지 않고 조금씩 보충해가며 끓여도 되니깐요. 부담 갖지 마시고 응용하세요.
5. 20~25분간 중불에서 끓여주다
6. ?준비해 놓은 무를 넣어주고
7. 무가 어느 정도 익으면 새송이버섯,양파, 당근을 모두 넣고
8. 약불에서 은근히 조려주세요.
9. 국물이 자작 자작해지면 나머지 재료인 대파, 청양고추를 넣어 조금 더 조려주다 마무리합니다.
10. 백종원 돼지갈비찜 완성 ^^ 고기를 오랫동안 조려주면 확실히 간을 잘 베이고 고기는 야들야들 해지는 것 같아요.",4인분,60분 이내,아무나
